event,phase,id,action,player,amount,private,who,percentage,company,round,source,train
PhaseChange,2,0,,,,,,,,,,
,,1,Bid,mpcoyne,165,Camden & Amboy,,,,,,
,,2,Bid,riverfiend,75,Delaware & Hudson,,,,,,
,,3,Bid,leesin,115,Mohawk & Hudson,,,,,,
,,4,Bid,mpakfm,120,Mohawk & Hudson,,,,,,
,,5,Buy,mpcoyne,20,Schuylkill Valley,,,,,,
,,6,Bid,riverfiend,170,Camden & Amboy,,,,,,
,,7,Bid,leesin,175,Camden & Amboy,,,,,,
,,8,Buy,mpakfm,40,Champlain & St.Lawrence,,,,,,
,,9,Buy,riverfiend,75,Delaware & Hudson,,,,,,
PrivateAuction,,10,,,,Hudson,,,,,,
,,11,Bid,leesin,125,Mohawk & Hudson,,,,,,
Pass,,12,,,,,mpakfm,,,,,
,,13,Buy,leesin,125,Mohawk & Hudson,,,,,,
PrivateAuction,,14,,,,Amboy,,,,,,
,,15,Bid,mpcoyne,180,Camden & Amboy,,,,,,
Pass,,16,,,,,riverfiend,,,,,
,,17,Bid,leesin,185,Camden & Amboy,,,,,,
,,18,Bid,mpcoyne,190,Camden & Amboy,,,,,,
,,19,Bid,leesin,195,Camden & Amboy,,,,,,
,,20,Bid,mpcoyne,200,Camden & Amboy,,,,,,
,,21,Bid,leesin,205,Camden & Amboy,,,,,,
,,22,Bid,mpcoyne,210,Camden & Amboy,,,,,,
,,23,Bid,leesin,215,Camden & Amboy,,,,,,
,,24,Bid,mpcoyne,220,Camden & Amboy,,,,,,
,,25,Bid,leesin,225,Camden & Amboy,,,,,,
Pass,,26,,,,,mpcoyne,,,,,
,,27,Buy,leesin,225,Camden & Amboy,,,,,,
,,28,Receive,n,,,,10,PRR,,,
,,29,Buy,mpcoyne,220,Baltimore & Ohio,,,,,,
,,30,Par,mpcoyne,90,,,,B&O,,,
,,31,Receive,e,,,,20,B&O,,,
PresidentNomination,,32,,mpcoyne,,,,,B&O,,,
PriorityDeal,,33,,riverfiend,,,,,,,,
StockRound,,34,,,,,,,,1,,
,,35,Par,riverfiend,67,,,,C&O,,,
,,36,Buy,riverfiend,134,,,20,C&O,,IPO,
PresidentNomination,,37,,riverfiend,,,,,C&O,,,
,,38,Buy,leesin,67,,,10,C&O,,IPO,
,,39,Par,mpakfm,90,,,,NYC,,,
,,40,Buy,mpakfm,180,,,20,NYC,,IPO,
PresidentNomination,,41,,mpakfm,,,,,NYC,,,
,,42,Buy,mpcoyne,90,,,10,B&O,,IPO,
,,43,Buy,riverfiend,67,,,10,C&O,,IPO,
,,44,Buy,leesin,67,,,10,C&O,,IPO,
,,45,Buy,mpakfm,90,,,10,NYC,,IPO,
,,46,Buy,mpcoyne,90,,,10,B&O,,IPO,
,,47,Buy,riverfiend,67,,,10,C&O,,IPO,
CompanyFloating,,48,,O,,,,,,,,
,,49,Receive,,670,,,,O,,,
,,50,Buy,leesin,67,,,10,C&O,,IPO,
,,51,Buy,mpakfm,90,,,10,NYC,,IPO,
,,52,Buy,mpcoyne,90,,,10,B&O,,IPO,
,,53,Buy,riverfiend,67,,,10,C&O,,IPO,
Pass,,54,,,,,and,,,,,
,,55,Buy,mpakfm,90,,,10,NYC,,IPO,
,,56,Buy,mpcoyne,90,,,10,B&O,,IPO,
CompanyFloating,,57,,O,,,,,,,,
,,58,Receive,,900,,,,O,,,
Pass,,59,,,,,riverfiend,,,,,
Pass,,60,,,,,and,,,,,
,,61,Buy,mpakfm,90,,,10,NYC,,IPO,
CompanyFloating,,62,,C,,,,,,,,
,,63,Receive,,900,,,,C,,,
Pass,,64,,,,,and,,,,,
Pass,,65,,,,,riverfiend,,,,,
Pass,,66,,,,,and,,,,,
Pass,,67,,,,,and,,,,,
PriorityDeal,,68,,mpcoyne,,,,,,,,
OperatingRound,,69,,,,,,,,1.1,,
,,70,Collect,mpcoyne,5,,,,,,Schuylkill Valley,
,,71,Collect,mpcoyne,30,,,,,,Baltimore & Ohio,
,,72,Collect,riverfiend,15,,,,,,Delaware & Hudson,
,,73,Collect,leesin,20,,,,,,Mohawk & Hudson,
,,74,Collect,leesin,25,,,,,,Camden & Amboy,
,,75,Collect,mpakfm,10,,,,,,Champlain & St.Lawrence,
CompanyOperation,,76,,e,,,,,B&O,,,
,,83,Buy,,80,,,,O,,The Depot,2
Pass,,85,,,,,O,,,,,
CompanyOperation,,87,,m,,,,,NYC,,,
,,94,Buy,,80,,,,C,,The Depot,2
Pass,,95,,,,,NYC,,,,,
CompanyOperation,,97,,d,,,,,C&O,,,
,,104,Buy,,80,,,,O,,The Depot,2
Pass,,105,,,,,O,,,,,
StockRound,,107,,,,,,,,2,,
Pass,,108,,,,,mpcoyne,,,,,
,,109,Buy,riverfiend,90,,,10,B&O,,IPO,
,,111,Buy,leesin,67,,,10,C&O,,IPO,
Pass,,113,,,,,mpakfm,,,,,
Pass,,114,,,,,mpcoyne,,,,,
,,115,Buy,riverfiend,67,,,10,C&O,,IPO,
Pass,,117,,,,,leesin,,,,,
Pass,,118,,,,,mpakfm,,,,,
Pass,,119,,,,,mpcoyne,,,,,
Pass,,120,,,,,riverfiend,,,,,
PriorityDeal,,122,,leesin,,,,,,,,
OperatingRound,,123,,,,,,,,2.1,,
,,124,Collect,leesin,20,,,,,,Mohawk & Hudson,
,,125,Collect,leesin,25,,,,,,Camden & Amboy,
,,126,Collect,mpakfm,10,,,,,,Champlain & St.Lawrence,
,,127,Collect,mpcoyne,5,,,,,,Schuylkill Valley,
,,128,Collect,riverfiend,15,,,,,,Delaware & Hudson,
CompanyOperation,,129,,e,,,,,B&O,,,
Pass,,135,,,,,O,,,,,
CompanyOperation,,137,,m,,,,,NYC,,,
Pass,,143,,,,,NYC,,,,,
CompanyOperation,,145,,d,,,,,C&O,,,
,,151,Buy,,80,,,,O,,The Depot,2
Pass,,152,,,,,O,,,,,
StockRound,,154,,,,,,,,3,,
,,157,Par,leesin,76,,,,PRR,,,
,,158,Buy,leesin,152,,,20,PRR,,IPO,
PresidentNomination,,159,,leesin,,,,,PRR,,,
Pass,,160,,,,,mpakfm,,,,,
,,161,Buy,mpcoyne,60,,,10,C&O,,market,
,,163,Buy,riverfiend,90,,,10,B&O,,IPO,
,,165,Buy,leesin,76,,,10,PRR,,IPO,
Pass,,167,,,,,mpakfm,,,,,
Pass,,168,,,,,mpcoyne,,,,,
,,171,Buy,riverfiend,90,,,10,NYC,,IPO,
,,172,Buy,leesin,76,,,10,PRR,,IPO,
Pass,,174,,,,,mpakfm,,,,,
Pass,,175,,,,,mpcoyne,,,,,
Pass,,176,,,,,riverfiend,,,,,
,,177,Buy,leesin,76,,,10,PRR,,IPO,
CompanyFloating,,178,,R,,,,,,,,
,,179,Receive,,760,,,,R,,,
Pass,,181,,,,,mpakfm,,,,,
Pass,,182,,,,,mpcoyne,,,,,
Pass,,183,,,,,riverfiend,,,,,
Pass,,184,,,,,leesin,,,,,
PriorityDeal,,185,,mpakfm,,,,,,,,
OperatingRound,,186,,,,,,,,3.1,,
,,187,Collect,mpakfm,10,,,,,,Champlain & St.Lawrence,
,,188,Collect,mpcoyne,5,,,,,,Schuylkill Valley,
,,189,Collect,riverfiend,15,,,,,,Delaware & Hudson,
,,190,Collect,leesin,20,,,,,,Mohawk & Hudson,
,,191,Collect,leesin,25,,,,,,Camden & Amboy,
CompanyOperation,,192,,e,,,,,B&O,,,
Pass,,193,,,,,O,,,,,
Pass,,198,,,,,O,,,,,
CompanyOperation,,200,,n,,,,,PRR,,,
,,207,Buy,,80,,,,R,,The Depot,2
,,208,Buy,,80,,,,R,,The Depot,2
,,209,Buy,,180,,,,R,,The Depot,3
PhaseChange,3,210,,,,,,,,,,
,,211,Buy,PRR,220,Mohawk & Hudson from leesin,,,,,,
,,212,Buy,PRR,200,Camden & Amboy from leesin,,,,,,
CompanyOperation,,214,,m,,,,,NYC,,,
,,220,Buy,,180,,,,C,,The Depot,3
Pass,,221,,,,,NYC,,,,,
Pass,,222,,,,,NYC,,,,,
CompanyOperation,,223,,d,,,,,C&O,,,
,,224,Buy,O,140,Delaware & Hudson from riverfiend,,,,,,
,,232,Buy,,180,,,,O,,The Depot,3
Pass,,233,,,,,O,,,,,
Pass,,234,,,,,O,,,,,
StockRound,,235,,,,,,,,4,,
,,236,Buy,mpakfm,67,,,10,C&O,,market,
Pass,,238,,,,,mpcoyne,,,,,
,,239,Buy,riverfiend,76,,,10,PRR,,IPO,
,,243,Buy,leesin,67,,,10,C&O,,market,
Pass,,244,,,,,mpakfm,,,,,
Pass,,245,,,,,mpcoyne,,,,,
,,246,Buy,riverfiend,90,,,10,B&O,,market,
,,248,Buy,leesin,67,,,10,C&O,,market,
Pass,,251,,,,,mpakfm,,,,,
Pass,,252,,,,,mpcoyne,,,,,
Pass,,253,,,,,riverfiend,,,,,
,,254,Buy,leesin,90,,,10,B&O,,IPO,
Pass,,256,,,,,mpakfm,,,,,
,,259,Buy,mpcoyne,76,,,10,PRR,,IPO,
Pass,,262,,,,,riverfiend,,,,,
,,263,Buy,leesin,90,,,10,B&O,,IPO,
Pass,,265,,,,,mpakfm,,,,,
,,266,Buy,mpcoyne,90,,,10,NYC,,IPO,
Pass,,268,,,,,riverfiend,,,,,
,,269,Par,leesin,82,,,,NYNH,,,
,,270,Buy,leesin,164,,,20,NYNH,,IPO,
PresidentNomination,,271,,leesin,,,,,NYNH,,,
Pass,,273,,,,,mpakfm,,,,,
Pass,,274,,,,,mpcoyne,,,,,
Pass,,275,,,,,riverfiend,,,,,
,,276,Buy,leesin,82,,,10,NYNH,,IPO,
Pass,,278,,,,,mpakfm,,,,,
Pass,,279,,,,,mpcoyne,,,,,
Pass,,280,,,,,riverfiend,,,,,
,,281,Buy,leesin,82,,,10,NYNH,,IPO,
Pass,,283,,,,,mpakfm,,,,,
Pass,,284,,,,,mpcoyne,,,,,
Pass,,285,,,,,riverfiend,,,,,
,,286,Buy,leesin,82,,,10,NYNH,,IPO,
Pass,,288,,,,,mpakfm,,,,,
Pass,,289,,,,,mpcoyne,,,,,
Pass,,290,,,,,riverfiend,,,,,
,,291,Buy,leesin,82,,,10,NYNH,,IPO,
CompanyFloating,,292,,H,,,,,,,,
,,293,Receive,,820,,,,H,,,
Pass,,295,,,,,mpakfm,,,,,
Pass,,296,,,,,mpcoyne,,,,,
Pass,,297,,,,,riverfiend,,,,,
Pass,,298,,,,,leesin,,,,,
PriorityDeal,,300,,mpakfm,,,,,,,,
OperatingRound,,301,,,,,,,,4.1,,
,,302,Collect,mpakfm,10,,,,,,Champlain & St.Lawrence,
,,303,Collect,mpcoyne,5,,,,,,Schuylkill Valley,
,,304,Collect,O,15,,,,,,Delaware & Hudson,
,,305,Collect,PRR,20,,,,,,Mohawk & Hudson,
,,306,Collect,PRR,25,,,,,,Camden & Amboy,
CompanyOperation,,307,,e,,,,,B&O,,,
,,313,Buy,,180,,,,O,,The Depot,3
Pass,,314,,,,,O,,,,,
,,315,Buy,O,40,Schuylkill Valley from mpcoyne,,,,,,
Pass,,316,,,,,O,,,,,
CompanyOperation,,317,,n,,,,,NYNH,,,
,,324,Buy,,180,,,,H,,The Depot,3
,,325,Buy,,300,,,,H,,The Depot,4
PhaseChange,4,326,,,,,,,,,,
TrainRust,,327,,,,,,,,,,2
Pass,,328,,,,,NYNH,,,,,
Pass,,329,,,,,NYNH,,,,,
CompanyOperation,,330,,m,,,,,NYC,,,
,,336,Buy,,300,,,,C,,The Depot,4
Pass,,337,,,,,NYC,,,,,
Pass,,338,,,,,NYC,,,,,
CompanyOperation,,339,,d,,,,,C&O,,,
Pass,,345,,,,,O,,,,,
Pass,,346,,,,,O,,,,,
CompanyOperation,,347,,n,,,,,PRR,,,
Pass,,349,,,,,PRR,,,,,
Pass,,353,,,,,PRR,,,,,
Pass,,354,,,,,PRR,,,,,
OperatingRound,,355,,,,,,,,4.2,,
,,356,Collect,mpakfm,10,,,,,,Champlain & St.Lawrence,
,,357,Collect,O,5,,,,,,Schuylkill Valley,
,,358,Collect,O,15,,,,,,Delaware & Hudson,
,,359,Collect,PRR,20,,,,,,Mohawk & Hudson,
,,360,Collect,PRR,25,,,,,,Camden & Amboy,
CompanyOperation,,361,,e,,,,,B&O,,,
Pass,,363,,,,,O,,,,,
Pass,,367,,,,,O,,,,,
Pass,,368,,,,,O,,,,,
CompanyOperation,,369,,m,,,,,NYC,,,
Pass,,376,,,,,NYC,,,,,
Pass,,377,,,,,NYC,,,,,
CompanyOperation,,378,,n,,,,,NYNH,,,
Pass,,385,,,,,NYNH,,,,,
Pass,,386,,,,,NYNH,,,,,
CompanyOperation,,387,,d,,,,,C&O,,,
Pass,,393,,,,,O,,,,,
Pass,,394,,,,,O,,,,,
CompanyOperation,,395,,n,,,,,PRR,,,
Pass,,397,,,,,PRR,,,,,
Pass,,401,,,,,PRR,,,,,
Pass,,402,,,,,PRR,,,,,
StockRound,,403,,,,,,,,5,,
,,404,Buy,mpakfm,82,,,10,NYNH,,IPO,
,,406,Buy,mpcoyne,82,,,10,NYNH,,IPO,
,,414,Par,riverfiend,100,,,,ERIE,,,
,,415,Buy,riverfiend,200,,,20,ERIE,,IPO,
PresidentNomination,,416,,riverfiend,,,,,ERIE,,,
,,417,Buy,leesin,60,,,10,C&O,,market,
,,420,Buy,mpakfm,82,,,10,NYNH,,IPO,
,,422,Buy,mpcoyne,40,,,10,C&O,,market,
,,424,Buy,riverfiend,100,,,10,ERIE,,IPO,
,,426,Buy,leesin,90,,,10,NYC,,market,
Pass,,428,,,,,mpakfm,,,,,
,,429,Buy,mpcoyne,40,,,10,C&O,,market,
,,431,Buy,riverfiend,100,,,10,ERIE,,IPO,
,,433,Buy,leesin,100,,,10,ERIE,,IPO,
Pass,,436,,,,,mpakfm,,,,,
Pass,,437,,,,,mpcoyne,,,,,
,,438,Buy,riverfiend,82,,,10,NYNH,,IPO,
,,440,Buy,leesin,90,,,10,NYC,,IPO,
Pass,,442,,,,,mpakfm,,,,,
Pass,,443,,,,,mpcoyne,,,,,
,,444,Buy,riverfiend,100,,,10,ERIE,,IPO,
CompanyFloating,,445,,E,,,,,,,,
,,446,Receive,,1000,,,,E,,,
Pass,,448,,,,,leesin,,,,,
Pass,,449,,,,,mpakfm,,,,,
Pass,,450,,,,,mpcoyne,,,,,
Pass,,451,,,,,riverfiend,,,,,
PriorityDeal,,453,,leesin,,,,,,,,
OperatingRound,,454,,,,,,,,5.1,,
,,455,Collect,mpakfm,10,,,,,,Champlain & St.Lawrence,
,,456,Collect,O,5,,,,,,Schuylkill Valley,
,,457,Collect,PRR,20,,,,,,Mohawk & Hudson,
,,458,Collect,PRR,25,,,,,,Camden & Amboy,
,,459,Collect,O,15,,,,,,Delaware & Hudson,
CompanyOperation,,460,,e,,,,,B&O,,,
Pass,,462,,,,,O,,,,,
Pass,,466,,,,,O,,,,,
Pass,,467,,,,,O,,,,,
CompanyOperation,,468,,m,,,,,NYC,,,
Pass,,475,,,,,NYC,,,,,
Pass,,476,,,,,NYC,,,,,
CompanyOperation,,477,,d,,,,,ERIE,,,
,,486,Buy,,300,,,,E,,The Depot,4
Pass,,487,,,,,ERIE,,,,,
Pass,,488,,,,,ERIE,,,,,
CompanyOperation,,489,,n,,,,,NYNH,,,
Pass,,496,,,,,NYNH,,,,,
Pass,,497,,,,,NYNH,,,,,
CompanyOperation,,498,,n,,,,,PRR,,,
Pass,,500,,,,,PRR,,,,,
Pass,,504,,,,,PRR,,,,,
Pass,,505,,,,,PRR,,,,,
CompanyOperation,,506,,d,,,,,C&O,,,
Pass,,508,,,,,O,,,,,
Pass,,512,,,,,O,,,,,
Pass,,513,,,,,O,,,,,
OperatingRound,,514,,,,,,,,5.2,,
,,515,Collect,mpakfm,10,,,,,,Champlain & St.Lawrence,
,,516,Collect,O,5,,,,,,Schuylkill Valley,
,,517,Collect,O,15,,,,,,Delaware & Hudson,
,,518,Collect,PRR,20,,,,,,Mohawk & Hudson,
,,519,Collect,PRR,25,,,,,,Camden & Amboy,
CompanyOperation,,520,,e,,,,,B&O,,,
Pass,,522,,,,,O,,,,,
Pass,,526,,,,,O,,,,,
Pass,,527,,,,,O,,,,,
CompanyOperation,,528,,m,,,,,NYC,,,
,,535,Buy,,300,,,,C,,The Depot,4
Pass,,536,,,,,NYC,,,,,
CompanyOperation,,537,,n,,,,,NYNH,,,
Pass,,544,,,,,NYNH,,,,,
Pass,,545,,,,,NYNH,,,,,
CompanyOperation,,546,,d,,,,,ERIE,,,
Pass,,548,,,,,ERIE,,,,,
,,552,Buy,,450,,,,E,,The Depot,5
PhaseChange,5,553,,,,,,,,,,
PrivatesClose,,554,,,,,,,,,,
CompanyOperation,,557,,d,,,,,C&O,,,
Pass,,559,,,,,O,,,,,
,,563,Buy,,222,,,,O,,ERIE,5
CompanyOperation,,565,,n,,,,,PRR,,,
,,571,Buy,,10,,,,R,,NYNH,4
StockRound,,573,,,,,,,,6,,
,,576,Buy,leesin,30,,,10,PRR,,market,
,,577,Buy,leesin,30,,,10,PRR,,market,
,,578,Buy,leesin,30,,,10,PRR,,market,
,,579,Buy,leesin,30,,,10,PRR,,market,
,,580,Buy,leesin,30,,,10,PRR,,market,
,,583,Buy,mpakfm,120,,,10,B&O,,market,
,,590,Par,mpcoyne,76,,,,B&M,,,
,,591,Buy,mpcoyne,152,,,20,B&M,,IPO,
PresidentNomination,,592,,mpcoyne,,,,,B&M,,,
,,593,Buy,riverfiend,76,,,10,B&M,,IPO,
,,595,Buy,leesin,76,,,10,ERIE,,market,
,,597,Buy,mpakfm,100,,,10,ERIE,,IPO,
,,599,Buy,mpcoyne,76,,,10,B&M,,IPO,
,,601,Buy,riverfiend,76,,,10,B&M,,IPO,
,,603,Buy,leesin,100,,,10,ERIE,,IPO,
,,606,Buy,mpakfm,120,,,10,B&O,,market,
,,608,Buy,mpcoyne,76,,,10,B&M,,IPO,
CompanyFloating,,609,,M,,,,,,,,
,,610,Receive,,760,,,,M,,,
,,614,Buy,riverfiend,40,,,10,C&O,,market,
,,615,Buy,leesin,67,,,10,B&M,,market,
Pass,,617,,,,,mpakfm,,,,,
,,618,Buy,mpcoyne,67,,,10,B&M,,market,
,,620,Buy,riverfiend,71,,,10,NYNH,,market,
,,623,Buy,leesin,76,,,10,B&M,,IPO,
Pass,,626,,,,,mpakfm,,,,,
,,627,Buy,mpcoyne,66,,,10,ERIE,,market,
,,629,Buy,riverfiend,66,,,10,ERIE,,market,
,,631,Buy,leesin,40,,,10,C&O,,market,
Pass,,633,,,,,mpakfm,,,,,
,,634,Buy,mpcoyne,67,,,10,B&M,,market,
,,636,Buy,riverfiend,71,,,10,NYC,,market,
,,638,Par,leesin,100,,,,CPR,,,
,,639,Buy,leesin,200,,,20,CPR,,IPO,
PresidentNomination,,640,,leesin,,,,,CPR,,,
Pass,,642,,,,,mpakfm,,,,,
Pass,,643,,,,,mpcoyne,,,,,
,,644,Buy,riverfiend,40,,,10,C&O,,market,
Pass,,646,,,,,leesin,,,,,
Pass,,647,,,,,mpakfm,,,,,
Pass,,648,,,,,mpcoyne,,,,,
,,651,Buy,riverfiend,40,,,10,C&O,,market,
Pass,,652,,,,,leesin,,,,,
Pass,,653,,,,,mpakfm,,,,,
Pass,,654,,,,,mpcoyne,,,,,
Pass,,655,,,,,riverfiend,,,,,
PriorityDeal,,658,,leesin,,,,,,,,
OperatingRound,,659,,,,,,,,6.1,,
CompanyOperation,,660,,e,,,,,B&O,,,
Pass,,662,,,,,O,,,,,
,,666,Buy,,450,,,,O,,The Depot,5
CompanyOperation,,668,,m,,,,,NYC,,,
CompanyOperation,,677,,n,,,,,NYNH,,,
,,683,Buy,,450,,,,H,,The Depot,5
CompanyOperation,,685,,e,,,,,B&M,,,
,,692,Buy,,630,,,,M,,The Depot,6
PhaseChange,6,693,,,,,,,,,,
TrainRust,,694,,,,,,,,,,3
Pass,,695,,,,,M,,,,,
CompanyOperation,,697,,d,,,,,ERIE,,,
Pass,,699,,,,,ERIE,,,,,
Pass,,703,,,,,ERIE,,,,,
CompanyOperation,,705,,d,,,,,C&O,,,
Pass,,711,,,,,O,,,,,
CompanyOperation,,713,,n,,,,,PRR,,,
Pass,,715,,,,,PRR,,,,,
Pass,,719,,,,,PRR,,,,,
OperatingRound,,721,,,,,,,,6.2,,
CompanyOperation,,722,,e,,,,,B&O,,,
Pass,,728,,,,,O,,,,,
CompanyOperation,,730,,m,,,,,NYC,,,
CompanyOperation,,739,,n,,,,,NYNH,,,
Pass,,745,,,,,NYNH,,,,,
CompanyOperation,,747,,d,,,,,C&O,,,
Pass,,753,,,,,O,,,,,
CompanyOperation,,755,,e,,,,,B&M,,,
Pass,,761,,,,,M,,,,,
CompanyOperation,,763,,d,,,,,ERIE,,,
Pass,,765,,,,,ERIE,,,,,
,,769,Buy,,630,,,,E,,The Depot,6
CompanyOperation,,771,,n,,,,,PRR,,,
Pass,,776,,,,,PRR,,,,,
OperatingRound,,778,,,,,,,,6.3,,
CompanyOperation,,779,,e,,,,,B&O,,,
Pass,,785,,,,,O,,,,,
CompanyOperation,,787,,m,,,,,NYC,,,
Pass,,788,,,,,NYC,,,,,
CompanyOperation,,796,,n,,,,,NYNH,,,
Pass,,802,,,,,NYNH,,,,,
CompanyOperation,,804,,d,,,,,C&O,,,
Pass,,810,,,,,O,,,,,
CompanyOperation,,812,,e,,,,,B&M,,,
Pass,,818,,,,,M,,,,,
CompanyOperation,,820,,d,,,,,ERIE,,,
Pass,,822,,,,,ERIE,,,,,
CompanyOperation,,829,,n,,,,,PRR,,,
Pass,,831,,,,,PRR,,,,,
TrainRust,,836,,,,,,,,,,4
Pass,,837,,,,,PRR,,,,,
StockRound,,839,,,,,,,,7,,
,,840,Buy,leesin,68,,,10,B&M,,market,
Pass,,842,,,,,mpakfm,,,,,
,,843,Buy,mpcoyne,10,,,10,PRR,,market,
,,846,Buy,riverfiend,76,,,10,PRR,,IPO,
,,847,Buy,leesin,76,,,10,PRR,,IPO,
Pass,,849,,,,,mpakfm,,,,,
,,850,Buy,mpcoyne,68,,,10,C&O,,market,
,,852,Buy,riverfiend,76,,,10,B&M,,IPO,
,,854,Buy,leesin,90,,,10,NYC,,market,
,,860,Buy,mpcoyne,55,,,10,ERIE,,market,
,,862,Buy,riverfiend,76,,,10,B&M,,IPO,
,,864,Buy,leesin,68,,,10,C&O,,market,
,,868,Buy,mpcoyne,68,,,10,C&O,,market,
,,870,Buy,riverfiend,76,,,10,B&M,,IPO,
,,872,Buy,leesin,100,,,10,CPR,,IPO,
Pass,,874,,,,,mpakfm,,,,,
,,875,Buy,mpcoyne,75,,,10,NYNH,,market,
,,877,Buy,riverfiend,75,,,10,NYNH,,market,
,,879,Buy,leesin,100,,,10,CPR,,IPO,
Pass,,881,,,,,mpakfm,,,,,
,,882,Buy,mpcoyne,100,,,10,ERIE,,IPO,
,,884,Buy,riverfiend,100,,,10,CPR,,IPO,
,,886,Buy,leesin,100,,,10,CPR,,IPO,
CompanyFloating,,887,,R,,,,,,,,
,,888,Receive,,1000,,,,R,,,
Pass,,890,,,,,mpakfm,,,,,
,,891,Buy,mpcoyne,100,,,10,ERIE,,IPO,
,,893,Buy,riverfiend,75,,,10,NYNH,,market,
Pass,,895,,,,,leesin,,,,,
Pass,,896,,,,,mpakfm,,,,,
,,897,Buy,mpcoyne,80,,,10,NYC,,market,
Pass,,899,,,,,riverfiend,,,,,
Pass,,900,,,,,leesin,,,,,
Pass,,901,,,,,mpakfm,,,,,
,,902,Buy,mpcoyne,75,,,10,NYNH,,market,
Pass,,904,,,,,riverfiend,,,,,
Pass,,905,,,,,leesin,,,,,
Pass,,906,,,,,mpakfm,,,,,
Pass,,907,,,,,mpcoyne,,,,,
PriorityDeal,,914,,riverfiend,,,,,,,,
OperatingRound,,915,,,,,,,,7.1,,
CompanyOperation,,916,,e,,,,,B&O,,,
Pass,,917,,,,,O,,,,,
Pass,,922,,,,,O,,,,,
CompanyOperation,,924,,n,,,,,CPR,,,
CompanyOperation,,936,,n,,,,,NYNH,,,
Pass,,942,,,,,NYNH,,,,,
CompanyOperation,,944,,m,,,,,NYC,,,
Pass,,945,,,,,NYC,,,,,
CompanyOperation,,953,,e,,,,,B&M,,,
Pass,,959,,,,,M,,,,,
CompanyOperation,,961,,d,,,,,C&O,,,
Pass,,962,,,,,O,,,,,
Pass,,967,,,,,O,,,,,
CompanyOperation,,969,,d,,,,,ERIE,,,
Pass,,975,,,,,ERIE,,,,,
CompanyOperation,,977,,n,,,,,PRR,,,
Pass,,983,,,,,PRR,,,,,
OperatingRound,,985,,,,,,,,7.2,,
CompanyOperation,,986,,e,,,,,B&O,,,
Pass,,992,,,,,O,,,,,
CompanyOperation,,994,,n,,,,,NYNH,,,
Pass,,1000,,,,,NYNH,,,,,
CompanyOperation,,1002,,n,,,,,CPR,,,
CompanyOperation,,1010,,m,,,,,NYC,,,
Pass,,1016,,,,,NYC,,,,,
CompanyOperation,,1018,,e,,,,,B&M,,,
Pass,,1024,,,,,M,,,,,
CompanyOperation,,1026,,d,,,,,C&O,,,
Pass,,1032,,,,,O,,,,,
CompanyOperation,,1034,,d,,,,,ERIE,,,
Pass,,1040,,,,,ERIE,,,,,
CompanyOperation,,1042,,n,,,,,PRR,,,
Pass,,1048,,,,,PRR,,,,,
OperatingRound,,1050,,,,,,,,7.3,,
CompanyOperation,,1051,,e,,,,,B&O,,,
,,1057,Buy,,98,,,,O,,B&M,6
CompanyOperation,,1059,,n,,,,,NYNH,,,
Pass,,1065,,,,,NYNH,,,,,
CompanyOperation,,1067,,n,,,,,CPR,,,
CompanyOperation,,1075,,m,,,,,NYC,,,
Pass,,1081,,,,,NYC,,,,,
CompanyOperation,,1083,,e,,,,,B&M,,,
CompanyOperation,,1092,,d,,,,,ERIE,,,
Pass,,1098,,,,,ERIE,,,,,
CompanyOperation,,1100,,d,,,,,C&O,,,
Pass,,1106,,,,,O,,,,,
CompanyOperation,,1108,,n,,,,,PRR,,,
Pass,,1114,,,,,PRR,,,,,
StockRound,,1116,,,,,,,,8,,
,,1120,Buy,leesin,90,,,10,NYC,,market,
,,1122,Buy,mpakfm,100,,,10,CPR,,IPO,
Pass,,1130,,,,,riverfiend,,,,,
,,1131,Buy,leesin,90,,,10,NYC,,IPO,
Pass,,1133,,,,,mpakfm,,,,,
Pass,,1134,,,,,mpcoyne,,,,,
Pass,,1135,,,,,riverfiend,,,,,
,,1136,Buy,leesin,90,,,10,CPR,,market,
Pass,,1138,,,,,mpakfm,,,,,
Pass,,1139,,,,,mpcoyne,,,,,
Pass,,1140,,,,,riverfiend,,,,,
Pass,,1141,,,,,leesin,,,,,
PriorityDeal,,1147,,mpakfm,,,,,,,,
OperatingRound,,1148,,,,,,,,8.1,,
CompanyOperation,,1149,,e,,,,,B&O,,,
CompanyOperation,,1158,,n,,,,,NYNH,,,
Pass,,1164,,,,,NYNH,,,,,
CompanyOperation,,1166,,m,,,,,NYC,,,
Pass,,1167,,,,,NYC,,,,,
Pass,,1172,,,,,NYC,,,,,
CompanyOperation,,1174,,n,,,,,CPR,,,
Pass,,1180,,,,,CPR,,,,,
CompanyOperation,,1182,,d,,,,,ERIE,,,
Pass,,1188,,,,,ERIE,,,,,
CompanyOperation,,1190,,e,,,,,B&M,,,
CompanyOperation,,1198,,d,,,,,C&O,,,
Pass,,1204,,,,,O,,,,,
CompanyOperation,,1206,,n,,,,,PRR,,,
Pass,,1208,,,,,PRR,,,,,
Pass,,1212,,,,,PRR,,,,,
OperatingRound,,1214,,,,,,,,8.2,,
CompanyOperation,,1215,,e,,,,,B&O,,,
Pass,,1216,,,,,O,,,,,
CompanyOperation,,1223,,n,,,,,NYNH,,,
Pass,,1229,,,,,NYNH,,,,,
CompanyOperation,,1231,,m,,,,,NYC,,,
Pass,,1232,,,,,NYC,,,,,
Pass,,1237,,,,,NYC,,,,,
CompanyOperation,,1239,,n,,,,,CPR,,,
Pass,,1245,,,,,CPR,,,,,
CompanyOperation,,1247,,d,,,,,ERIE,,,
Pass,,1253,,,,,ERIE,,,,,
CompanyOperation,,1255,,e,,,,,B&M,,,
CompanyOperation,,1263,,d,,,,,C&O,,,
Pass,,1264,,,,,O,,,,,
Pass,,1265,,,,,O,,,,,
Pass,,1269,,,,,O,,,,,
CompanyOperation,,1271,,n,,,,,PRR,,,
Pass,,1277,,,,,PRR,,,,,
OperatingRound,,1279,,,,,,,,8.3,,
CompanyOperation,,1280,,e,,,,,B&O,,,
Pass,,1281,,,,,O,,,,,
CompanyOperation,,1288,,n,,,,,NYNH,,,
Pass,,1294,,,,,NYNH,,,,,
CompanyOperation,,1296,,m,,,,,NYC,,,
Pass,,1297,,,,,NYC,,,,,
Pass,,1302,,,,,NYC,,,,,
CompanyOperation,,1304,,n,,,,,CPR,,,
Pass,,1310,,,,,CPR,,,,,
CompanyOperation,,1312,,d,,,,,ERIE,,,
Pass,,1318,,,,,ERIE,,,,,
CompanyOperation,,1320,,e,,,,,B&M,,,
Pass,,1321,,,,,M,,,,,
CompanyOperation,,1328,,d,,,,,C&O,,,
Pass,,1334,,,,,O,,,,,
CompanyOperation,,1336,,n,,,,,PRR,,,
Pass,,1343,,,,,PRR,,,,,
Game Over,,1345,,,,,,,,,,
