event,phase,id,action,player,amount,private,who,percentage,company,round,source,direction,old_price,new_price,location,tile,rotation,train,route,per_share,num_shares,old_train,new_train
PhaseChange,2,0,,,,,,,,,,,,,,,,,,,,,
,,1,BidPlaced,leesin,165,Camden & Amboy,,,,,,,,,,,,,,,,,
,,2,BidPlaced,JuicyBerry,115,Mohawk & Hudson,,,,,,,,,,,,,,,,,
,,3,BidPlaced,KingZombie,170,Camden & Amboy,,,,,,,,,,,,,,,,,
,,4,BidPlaced,JibJibMonkey,75,Delaware & Hudson,,,,,,,,,,,,,,,,,
,,5,BidPlaced,leesin,120,Mohawk & Hudson,,,,,,,,,,,,,,,,,
,,6,BidPlaced,JuicyBerry,80,Delaware & Hudson,,,,,,,,,,,,,,,,,
,,7,BidPlaced,KingZombie,45,Champlain & St.Lawrence,,,,,,,,,,,,,,,,,
,,8,BidPlaced,JibJibMonkey,125,Mohawk & Hudson,,,,,,,,,,,,,,,,,
,,9,PrivateBought,leesin,20,Schuylkill Valley,,,,,,,,,,,,,,,,,
,,10,PrivateBought,KingZombie,45,Champlain & St.Lawrence,,,,,,,,,,,,,,,,,
PrivateAuction,,11,,,,Hudson,,,,,,,,,,,,,,,,,
,,12,BidPlaced,JibJibMonkey,85,Delaware & Hudson,,,,,,,,,,,,,,,,,
,,13,BidPlaced,JuicyBerry,90,Delaware & Hudson,,,,,,,,,,,,,,,,,
,,14,Passed,,,,JibJibMonkey,,,,,,,,,,,,,,,,
,,15,PrivateBought,JuicyBerry,90,Delaware & Hudson,,,,,,,,,,,,,,,,,
PrivateAuction,,16,,,,Hudson,,,,,,,,,,,,,,,,,
,,17,BidPlaced,JuicyBerry,130,Mohawk & Hudson,,,,,,,,,,,,,,,,,
,,18,BidPlaced,leesin,135,Mohawk & Hudson,,,,,,,,,,,,,,,,,
,,19,Passed,,,,JibJibMonkey,,,,,,,,,,,,,,,,
,,20,BidPlaced,JuicyBerry,155,Mohawk & Hudson,,,,,,,,,,,,,,,,,
,,21,BidPlaced,leesin,160,Mohawk & Hudson,,,,,,,,,,,,,,,,,
,,22,Passed,,,,JuicyBerry,,,,,,,,,,,,,,,,
,,23,PrivateBought,leesin,160,Mohawk & Hudson,,,,,,,,,,,,,,,,,
PrivateAuction,,24,,,,Amboy,,,,,,,,,,,,,,,,,
,,25,BidPlaced,leesin,190,Camden & Amboy,,,,,,,,,,,,,,,,,
,,26,BidPlaced,KingZombie,210,Camden & Amboy,,,,,,,,,,,,,,,,,
,,27,BidPlaced,leesin,215,Camden & Amboy,,,,,,,,,,,,,,,,,
,,28,BidPlaced,KingZombie,220,Camden & Amboy,,,,,,,,,,,,,,,,,
,,29,BidPlaced,leesin,225,Camden & Amboy,,,,,,,,,,,,,,,,,
,,30,Passed,,,,KingZombie,,,,,,,,,,,,,,,,
,,31,PrivateBought,leesin,225,Camden & Amboy,,,,,,,,,,,,,,,,,
,,32,ShareReceived,n,,,,10,PRR,,,,,,,,,,,,,,
,,33,Passed,,,,JuicyBerry,,,,,,,,,,,,,,,,
,,34,PrivateBought,KingZombie,220,Baltimore & Ohio,,,,,,,,,,,,,,,,,
,,35,CompanyPared,KingZombie,100,,,,B&O,,,,,,,,,,,,,,
,,36,ShareReceived,e,,,,20,B&O,,,,,,,,,,,,,,
PresidentNomination,,37,,KingZombie,,,,,B&O,,,,,,,,,,,,,,
PriorityDeal,,38,,JibJibMonkey,,,,,,,,,,,,,,,,,,,
StockRound,,39,,,,,,,,1,,,,,,,,,,,,,
,,40,CompanyPared,JibJibMonkey,82,,,,PRR,,,,,,,,,,,,,,
,,41,ShareBought,y,164,,,20,PRR,,IPO,,,,,,,,,,,,
PresidentNomination,,42,,JibJibMonkey,,,,,PRR,,,,,,,,,,,,,,
,,43,Passed,,,,leesin,,,,,,,,,,,,,,,,
,,44,CompanyPared,JuicyBerry,76,,,,C&O,,,,,,,,,,,,,,
,,45,ShareBought,y,152,,,20,C&O,,IPO,,,,,,,,,,,,
PresidentNomination,,46,,JuicyBerry,,,,,C&O,,,,,,,,,,,,,,
,,47,ShareBought,e,76,,,10,C&O,,IPO,,,,,,,,,,,,
,,48,ShareBought,y,82,,,10,PRR,,IPO,,,,,,,,,,,,
,,49,Passed,,,,leesin,,,,,,,,,,,,,,,,
,,50,ShareBought,y,76,,,10,C&O,,IPO,,,,,,,,,,,,
,,51,ShareBought,e,76,,,10,C&O,,IPO,,,,,,,,,,,,
,,52,ShareBought,y,82,,,10,PRR,,IPO,,,,,,,,,,,,
,,53,Passed,,,,leesin,,,,,,,,,,,,,,,,
,,54,ShareBought,y,76,,,10,C&O,,IPO,,,,,,,,,,,,
CompanyFloating,,55,,O,,,,,,,,,,,,,,,,,,,
,,56,FundsReceived,,760,,,,O,,,,,,,,,,,,,,
,,57,ShareBought,e,76,,,10,C&O,,IPO,,,,,,,,,,,,
,,58,ShareBought,y,82,,,10,PRR,,IPO,,,,,,,,,,,,
CompanyFloating,,59,,R,,,,,,,,,,,,,,,,,,,
,,60,FundsReceived,,820,,,,R,,,,,,,,,,,,,,
,,61,Passed,,,,leesin,,,,,,,,,,,,,,,,
,,62,ShareBought,y,76,,,10,C&O,,IPO,,,,,,,,,,,,
,,63,ShareBought,e,76,,,10,C&O,,IPO,,,,,,,,,,,,
,,64,ShareBought,y,76,,,10,C&O,,IPO,,,,,,,,,,,,
,,65,Passed,,,,leesin,,,,,,,,,,,,,,,,
,,66,ShareBought,y,82,,,10,PRR,,IPO,,,,,,,,,,,,
,,67,Passed,,,,and,,,,,,,,,,,,,,,,
,,68,ShareBought,y,82,,,10,PRR,,IPO,,,,,,,,,,,,
,,69,ShareBought,n,82,,,10,PRR,,IPO,,,,,,,,,,,,
,,70,Passed,,,,and,,,,,,,,,,,,,,,,
,,71,Passed,,,,and,,,,,,,,,,,,,,,,
,,72,Passed,,,,and,,,,,,,,,,,,,,,,
,,73,ShareBought,n,82,,,10,PRR,,IPO,,,,,,,,,,,,
,,74,Passed,,,,and,,,,,,,,,,,,,,,,
,,75,Passed,,,,and,,,,,,,,,,,,,,,,
,,76,Passed,,,,and,,,,,,,,,,,,,,,,
,,77,Passed,,,,and,,,,,,,,,,,,,,,,
SharePriceMove,,78,,,,,,,R,,,up,82,90,,,,,,,,,
SharePriceMove,,79,,,,,,,O,,,up,76,82,,,,,,,,,
PriorityDeal,,80,,JuicyBerry,,,,,,,,,,,,,,,,,,,
OperatingRound,,81,,,,,,,,1.1,,,,,,,,,,,,,
,,82,Collect,,15,,y,,,,Delaware & Hudson,,,,,,,,,,,,
,,83,Collect,,10,,e,,,,Champlain & St.Lawrence,,,,,,,,,,,,
,,84,Collect,,30,,e,,,,Baltimore & Ohio,,,,,,,,,,,,
,,85,Collect,,5,,n,,,,Schuylkill Valley,,,,,,,,,,,,
,,86,Collect,,20,,n,,,,Mohawk & Hudson,,,,,,,,,,,,
,,87,Collect,,25,,n,,,,Camden & Amboy,,,,,,,,,,,,
CompanyOperated,,88,,y,,,,,PRR,,,,,,,,,,,,,,
,,89,TokenPlaced,,,,,,R,,,,,,H12,,,,,,,,
,,90,TilePlaced,,,,,,R,,,,,,H10 (Pittsburgh),57,1,,,,,,
,,91,TokenPlaced,,,,,,R,,,,,,H10 (Pittsburgh)  for $40,,,,,,,,
,,92,TrainSkipped,,,,,,R,,,,,,,,,,,,,,
,,93,RunTrainSkipped,,,,,,R,,,,,,,,,,,,,,
SharePriceMove,,94,,,,,,,R,,,left,90,82,,,,,,,,,
,,95,TrainBought,,80,,,,R,,The Depot,,,,,,,2,,,,,
,,96,TrainBought,,80,,,,R,,The Depot,,,,,,,2,,,,,
,,97,Passed,,,,PRR,,,,,,,,,,,,,,,,
,,98,PrivateBuySkipped,,,,,,R,,,,,,,,,,,,,,
CompanyOperated,,99,,y,,,,,C&O,,,,,,,,,,,,,,
,,100,TokenPlaced,,,,,,O,,,,,,F6,,,,,,,,
,,101,TilePlaced,,,,,,O,,,,,,G7 (Akron & Canton),2,5,,,,,,
,,102,TokenSkipped,,,,,,O,,,,,,,,,,,,,,
,,103,TrainSkipped,,,,,,O,,,,,,,,,,,,,,
,,104,RunTrainSkipped,,,,,,O,,,,,,,,,,,,,,
SharePriceMove,,105,,,,,,,O,,,left,82,76,,,,,,,,,
,,106,TrainBought,,80,,,,O,,The Depot,,,,,,,2,,,,,
,,107,Passed,,,,O,,,,,,,,,,,,,,,,
,,108,PrivateBuySkipped,,,,,,O,,,,,,,,,,,,,,
StockRound,,109,,,,,,,,2,,,,,,,,,,,,,
,,110,Passed,,,,JuicyBerry,,,,,,,,,,,,,,,,
,,111,Passed,,,,KingZombie,,,,,,,,,,,,,,,,
,,112,Passed,,,,JibJibMonkey,,,,,,,,,,,,,,,,
,,113,Passed,,,,leesin,,,,,,,,,,,,,,,,
SharePriceMove,,114,,,,,,,R,,,up,82,90,,,,,,,,,
SharePriceMove,,115,,,,,,,O,,,up,76,82,,,,,,,,,
PriorityDeal,,116,,JuicyBerry,,,,,,,,,,,,,,,,,,,
OperatingRound,,117,,,,,,,,2.1,,,,,,,,,,,,,
,,118,Collect,,15,,y,,,,Delaware & Hudson,,,,,,,,,,,,
,,119,Collect,,10,,e,,,,Champlain & St.Lawrence,,,,,,,,,,,,
,,120,Collect,,30,,e,,,,Baltimore & Ohio,,,,,,,,,,,,
,,121,Collect,,5,,n,,,,Schuylkill Valley,,,,,,,,,,,,
,,122,Collect,,20,,n,,,,Mohawk & Hudson,,,,,,,,,,,,
,,123,Collect,,25,,n,,,,Camden & Amboy,,,,,,,,,,,,
CompanyOperated,,124,,y,,,,,PRR,,,,,,,,,,,,,,
,,125,TilePlaced,,,,,,R,,,,,,H8,8,2,,,,,,
,,126,TokenSkipped,,,,,,R,,,,,,,,,,,,,,
,,127,TrainRan,,30,,,,R,,,,,,,,,2,H10-G7,,,,
,,128,TrainRan,,30,,,,R,,,,,,,,,2,H10-H12,,,,
,,129,DividendPayed,,60,,,,R,,,,,,,,,,,6,,,
SharePriceMove,,130,,,,,,,R,,,right,90,100,,,,,,,,,
,,131,Passed,,,,PRR,,,,,,,,,,,,,,,,
,,132,PrivateBuySkipped,,,,,,R,,,,,,,,,,,,,,
CompanyOperated,,133,,y,,,,,C&O,,,,,,,,,,,,,,
,,134,TilePlaced,,,,,,O,,,,,,G5,8,1,,,,,,
,,135,TokenSkipped,,,,,,O,,,,,,,,,,,,,,
,,136,TrainRan,,40,,,,O,,,,,,,,,2,F6-G7,,,,
,,137,DividendPayed,,40,,,,O,,,,,,,,,,,4,,,
SharePriceMove,,138,,,,,,,O,,,right,82,90,,,,,,,,,
,,139,TrainBought,,80,,,,O,,The Depot,,,,,,,2,,,,,
,,140,Passed,,,,O,,,,,,,,,,,,,,,,
,,141,PrivateBuySkipped,,,,,,O,,,,,,,,,,,,,,
StockRound,,142,,,,,,,,3,,,,,,,,,,,,,
,,143,Passed,,,,JuicyBerry,,,,,,,,,,,,,,,,
,,144,SharesSold,e,360,,,,C&O,,,,,,,,,,,,4,,
SharePriceMove,,145,,,,,,,O,,,down,90,67,,,,,,,,,
,,146,ShareBought,e,100,,,10,B&O,,IPO,,,,,,,,,,,,
,,147,ShareBought,y,67,,,10,C&O,,market,,,,,,,,,,,,
,,148,SellSharesSkipped,y,,,,,,,,,,,,,,,,,,,
,,149,SharesSold,n,300,,,,PRR,,,,,,,,,,,,3,,
SharePriceMove,,150,,,,,,,R,,,down,100,76,,,,,,,,,
,,151,CompanyPared,leesin,71,,,,NYNH,,,,,,,,,,,,,,
,,152,ShareBought,n,142,,,20,NYNH,,IPO,,,,,,,,,,,,
PresidentNomination,,153,,leesin,,,,,NYNH,,,,,,,,,,,,,,
,,154,ShareBought,y,67,,,10,C&O,,market,,,,,,,,,,,,
,,155,SellSharesSkipped,y,,,,,,,,,,,,,,,,,,,
,,156,ShareBought,e,100,,,10,B&O,,IPO,,,,,,,,,,,,
,,157,SellSharesSkipped,e,,,,,,,,,,,,,,,,,,,
,,158,SharesSold,y,67,,,,C&O,,,,,,,,,,,,1,,
SharePriceMove,,159,,,,,,,O,,,down,67,67,,,,,,,,,
,,160,ShareBought,y,71,,,10,NYNH,,IPO,,,,,,,,,,,,
,,161,ShareBought,n,71,,,10,NYNH,,IPO,,,,,,,,,,,,
,,162,SellSharesSkipped,n,,,,,,,,,,,,,,,,,,,
,,163,Passed,,,,JuicyBerry,,,,,,,,,,,,,,,,
,,164,ShareBought,e,100,,,10,B&O,,IPO,,,,,,,,,,,,
,,165,SellSharesSkipped,e,,,,,,,,,,,,,,,,,,,
,,166,Passed,,,,JibJibMonkey,,,,,,,,,,,,,,,,
,,167,ShareBought,n,71,,,10,NYNH,,IPO,,,,,,,,,,,,
,,168,SellSharesSkipped,n,,,,,,,,,,,,,,,,,,,
,,169,Passed,,,,JuicyBerry,,,,,,,,,,,,,,,,
,,170,ShareBought,e,100,,,10,B&O,,IPO,,,,,,,,,,,,
CompanyFloating,,171,,O,,,,,,,,,,,,,,,,,,,
,,172,FundsReceived,,1000,,,,O,,,,,,,,,,,,,,
,,173,SellSharesSkipped,e,,,,,,,,,,,,,,,,,,,
,,174,Passed,,,,JibJibMonkey,,,,,,,,,,,,,,,,
,,175,ShareBought,n,71,,,10,NYNH,,IPO,,,,,,,,,,,,
CompanyFloating,,176,,H,,,,,,,,,,,,,,,,,,,
,,177,FundsReceived,,710,,,,H,,,,,,,,,,,,,,
,,178,SellSharesSkipped,n,,,,,,,,,,,,,,,,,,,
,,179,Passed,,,,JuicyBerry,,,,,,,,,,,,,,,,
,,180,ShareBought,e,76,,,10,PRR,,market,,,,,,,,,,,,
,,181,SellSharesSkipped,e,,,,,,,,,,,,,,,,,,,
,,182,Passed,,,,JibJibMonkey,,,,,,,,,,,,,,,,
,,183,ShareBought,n,67,,,10,C&O,,market,,,,,,,,,,,,
,,184,SellSharesSkipped,n,,,,,,,,,,,,,,,,,,,
,,185,Passed,,,,JuicyBerry,,,,,,,,,,,,,,,,
,,186,Passed,,,,KingZombie,,,,,,,,,,,,,,,,
,,187,Passed,,,,JibJibMonkey,,,,,,,,,,,,,,,,
,,188,Passed,,,,leesin,,,,,,,,,,,,,,,,
PriorityDeal,,189,,JuicyBerry,,,,,,,,,,,,,,,,,,,
OperatingRound,,190,,,,,,,,3.1,,,,,,,,,,,,,
,,191,Collect,,15,,y,,,,Delaware & Hudson,,,,,,,,,,,,
,,192,Collect,,10,,e,,,,Champlain & St.Lawrence,,,,,,,,,,,,
,,193,Collect,,30,,e,,,,Baltimore & Ohio,,,,,,,,,,,,
,,194,Collect,,5,,n,,,,Schuylkill Valley,,,,,,,,,,,,
,,195,Collect,,20,,n,,,,Mohawk & Hudson,,,,,,,,,,,,
,,196,Collect,,25,,n,,,,Camden & Amboy,,,,,,,,,,,,
CompanyOperated,,197,,e,,,,,B&O,,,,,,,,,,,,,,
,,198,TokenPlaced,,,,,,O,,,,,,I15,,,,,,,,
,,199,TilePlaced,,,,,,d,,,,,,I17,7,1,,,,,,
,,200,TokenSkipped,,,,,,O,,,,,,,,,,,,,,
,,201,TrainSkipped,,,,,,O,,,,,,,,,,,,,,
,,202,RunTrainSkipped,,,,,,O,,,,,,,,,,,,,,
SharePriceMove,,203,,,,,,,O,,,left,100,90,,,,,,,,,
,,204,TrainBought,,80,,,,O,,The Depot,,,,,,,2,,,,,
PrivatesClose,,205,,,,o,,,,,,,,,,,,,,,,,
,,206,Passed,,,,O,,,,,,,,,,,,,,,,
,,207,PrivateBuySkipped,,,,,,O,,,,,,,,,,,,,,
CompanyOperated,,208,,y,,,,,PRR,,,,,,,,,,,,,,
,,209,TilePlaced,,,,,,R,,,,,,H14,9,1,,,,,,
,,210,TokenSkipped,,,,,,R,,,,,,,,,,,,,,
,,211,TrainRan,,30,,,,R,,,,,,,,,2,H10-G7,,,,
,,212,TrainRan,,30,,,,R,,,,,,,,,2,H10-H12,,,,
,,213,DividendPayed,,60,,,,R,,,,,,,,,,,6,,,
SharePriceMove,,214,,,,,,,R,,,right,76,82,,,,,,,,,
,,215,Passed,,,,PRR,,,,,,,,,,,,,,,,
,,216,PrivateBuySkipped,,,,,,R,,,,,,,,,,,,,,
CompanyOperated,,217,,n,,,,,NYNH,,,,,,,,,,,,,,
,,218,TokenPlaced,,,,,,H,,,,,,G19,,,,,,,,
,,219,TilePlaced,,,,,,H,,,,,,F20 (New Haven & Hartford),56,0,,,,,,
,,220,TokenSkipped,,,,,,H,,,,,,,,,,,,,,
,,221,TrainSkipped,,,,,,H,,,,,,,,,,,,,,
,,222,RunTrainSkipped,,,,,,H,,,,,,,,,,,,,,
SharePriceMove,,223,,,,,,,H,,,left,71,67,,,,,,,,,
,,224,TrainBought,,80,,,,H,,The Depot,,,,,,,2,,,,,
,,225,TrainBought,,180,,,,H,,The Depot,,,,,,,3,,,,,
PhaseChange,3,226,,,,,,,,,,,,,,,,,,,,,
,,227,PrivateBought,NYNH,320,Camden & Amboy from leesin,,,,,,,,,,,,,,,,,
,,228,PrivateBought,NYNH,40,Schuylkill Valley from leesin,,,,,,,,,,,,,,,,,
,,229,Passed,,,,NYNH,,,,,,,,,,,,,,,,
,,230,Passed,,,,NYNH,,,,,,,,,,,,,,,,
CompanyOperated,,231,,y,,,,,C&O,,,,,,,,,,,,,,
,,232,TilePlaced,,,,,,O,,,,,,G3,8,2,,,,,,
,,233,TokenSkipped,,,,,,O,,,,,,,,,,,,,,
,,234,TrainRan,,40,,,,O,,,,,,,,,2,F6-G7,,,,
,,235,TrainRan,,70,,,,O,,,,,,,,,2,F2-F6,,,,
,,236,DividendPayed,,110,,,,O,,,,,,,,,,,11,,,
SharePriceMove,,237,,,,,,,O,,,right,67,69,,,,,,,,,
,,238,TrainBought,,180,,,,O,,The Depot,,,,,,,3,,,,,
,,239,TrainBought,,180,,,,O,,The Depot,,,,,,,3,,,,,
,,240,PrivateBought,O,140,Delaware & Hudson from JuicyBerry,,,,,,,,,,,,,,,,,
,,241,Passed,,,,O,,,,,,,,,,,,,,,,
StockRound,,242,,,,,,,,4,,,,,,,,,,,,,
,,243,ShareBought,y,71,,,10,NYNH,,IPO,,,,,,,,,,,,
,,244,SellSharesSkipped,y,,,,,,,,,,,,,,,,,,,
,,245,SharesSold,e,90,,,,B&O,,,,,,,,,,,,1,,
SharePriceMove,,246,,,,,,,O,,,down,90,82,,,,,,,,,
,,247,ShareBought,e,82,,,10,PRR,,market,,,,,,,,,,,,
,,248,SharesSold,e,82,,,,PRR,,,,,,,,,,,,1,,
SharePriceMove,,249,,,,,,,R,,,down,82,76,,,,,,,,,
,,250,Passed,,,,JibJibMonkey,,,,,,,,,,,,,,,,
,,251,SharesSold,n,201,,,,NYNH,,,,,,,,,,,,3,,
SharePriceMove,,252,,,,,,,H,,,down,67,60,,,,,,,,,
,,253,ShareBought,n,82,,,10,B&O,,market,,,,,,,,,,,,
,,254,SharesSold,n,82,,,,B&O,,,,,,,,,,,,1,,
SharePriceMove,,255,,,,,,,O,,,down,82,76,,,,,,,,,
,,256,ShareBought,y,76,,,10,B&O,,market,,,,,,,,,,,,
,,257,SellSharesSkipped,y,,,,,,,,,,,,,,,,,,,
,,258,ShareBought,e,69,,,10,C&O,,market,,,,,,,,,,,,
,,259,SellSharesSkipped,e,,,,,,,,,,,,,,,,,,,
,,260,Passed,,,,JibJibMonkey,,,,,,,,,,,,,,,,
,,261,CompanyPared,leesin,100,,,,NYC,,,,,,,,,,,,,,
,,262,ShareBought,n,200,,,20,NYC,,IPO,,,,,,,,,,,,
PresidentNomination,,263,,leesin,,,,,NYC,,,,,,,,,,,,,,
,,264,SellSharesSkipped,n,,,,,,,,,,,,,,,,,,,
,,265,Passed,,,,JuicyBerry,,,,,,,,,,,,,,,,
,,266,ShareBought,e,60,,,10,NYNH,,market,,,,,,,,,,,,
,,267,SellSharesSkipped,e,,,,,,,,,,,,,,,,,,,
,,268,Passed,,,,JibJibMonkey,,,,,,,,,,,,,,,,
,,269,ShareBought,n,76,,,10,PRR,,market,,,,,,,,,,,,
,,270,SellSharesSkipped,n,,,,,,,,,,,,,,,,,,,
,,271,Passed,,,,JuicyBerry,,,,,,,,,,,,,,,,
,,272,SharesSold,e,76,,,,PRR,,,,,,,,,,,,1,,
SharePriceMove,,273,,,,,,,R,,,down,76,71,,,,,,,,,
,,274,ShareBought,e,69,,,10,C&O,,market,,,,,,,,,,,,
,,275,Passed,,,,JibJibMonkey,,,,,,,,,,,,,,,,
,,276,ShareBought,n,71,,,10,PRR,,market,,,,,,,,,,,,
,,277,SharesSold,n,142,,,,PRR,,,,,,,,,,,,2,,
SharePriceMove,,278,,,,,,,R,,,down,71,68,,,,,,,,,
,,279,Passed,,,,JuicyBerry,,,,,,,,,,,,,,,,
,,280,Passed,,,,KingZombie,,,,,,,,,,,,,,,,
,,281,Passed,,,,JibJibMonkey,,,,,,,,,,,,,,,,
,,282,ShareBought,n,100,,,10,NYC,,IPO,,,,,,,,,,,,
,,283,SellSharesSkipped,n,,,,,,,,,,,,,,,,,,,
,,284,Passed,,,,JuicyBerry,,,,,,,,,,,,,,,,
,,285,Passed,,,,KingZombie,,,,,,,,,,,,,,,,
,,286,Passed,,,,JibJibMonkey,,,,,,,,,,,,,,,,
,,287,ShareBought,n,100,,,10,NYC,,IPO,,,,,,,,,,,,
,,288,SellSharesSkipped,n,,,,,,,,,,,,,,,,,,,
,,289,Passed,,,,JuicyBerry,,,,,,,,,,,,,,,,
,,290,Passed,,,,KingZombie,,,,,,,,,,,,,,,,
,,291,Passed,,,,JibJibMonkey,,,,,,,,,,,,,,,,
,,292,ShareBought,n,100,,,10,NYC,,IPO,,,,,,,,,,,,
,,293,SellSharesSkipped,n,,,,,,,,,,,,,,,,,,,
,,294,Passed,,,,JuicyBerry,,,,,,,,,,,,,,,,
,,295,Passed,,,,KingZombie,,,,,,,,,,,,,,,,
,,296,Passed,,,,JibJibMonkey,,,,,,,,,,,,,,,,
,,297,ShareBought,n,100,,,10,NYC,,IPO,,,,,,,,,,,,
CompanyFloating,,298,,C,,,,,,,,,,,,,,,,,,,
,,299,FundsReceived,,1000,,,,C,,,,,,,,,,,,,,
,,300,SellSharesSkipped,n,,,,,,,,,,,,,,,,,,,
,,301,Passed,,,,JuicyBerry,,,,,,,,,,,,,,,,
,,302,Passed,,,,KingZombie,,,,,,,,,,,,,,,,
,,303,Passed,,,,JibJibMonkey,,,,,,,,,,,,,,,,
,,304,Passed,,,,leesin,,,,,,,,,,,,,,,,
SharePriceMove,,305,,,,,,,O,,,up,69,71,,,,,,,,,
PriorityDeal,,306,,JuicyBerry,,,,,,,,,,,,,,,,,,,
OperatingRound,,307,,,,,,,,4.1,,,,,,,,,,,,,
,,308,Collect,,10,,e,,,,Champlain & St.Lawrence,,,,,,,,,,,,
,,309,Collect,,20,,n,,,,Mohawk & Hudson,,,,,,,,,,,,
,,310,Collect,,15,,O,,,,Delaware & Hudson,,,,,,,,,,,,
,,311,Collect,,5,,H,,,,Schuylkill Valley,,,,,,,,,,,,
,,312,Collect,,25,,H,,,,Camden & Amboy,,,,,,,,,,,,
CompanyOperated,,313,,n,,,,,NYC,,,,,,,,,,,,,,
,,314,TokenPlaced,,,,,,C,,,,,,E19,,,,,,,,
,,315,TilePlaced,,,,,,C,,,,,,E19 (Albany),57,2,,,,,,
,,316,TokenSkipped,,,,,,C,,,,,,,,,,,,,,
,,317,TrainSkipped,,,,,,C,,,,,,,,,,,,,,
,,318,RunTrainSkipped,,,,,,C,,,,,,,,,,,,,,
SharePriceMove,,319,,,,,,,C,,,left,100,90,,,,,,,,,
,,320,TrainBought,,180,,,,C,,The Depot,,,,,,,3,,,,,
,,321,Passed,,,,NYC,,,,,,,,,,,,,,,,
,,322,Passed,,,,NYC,,,,,,,,,,,,,,,,
CompanyOperated,,323,,e,,,,,B&O,,,,,,,,,,,,,,
,,324,TilePlaced,,,,,,O,,,,,,H16 (Lancaster),57,2,,,,,,
,,325,TokenPlaced,,,,,,O,,,,,,H16 (Lancaster)  for $40,,,,,,,,
,,326,TrainRan,,50,,,,O,,,,,,,,,2,I15-H16,,,,
,,327,DividendPayed,,50,,,,O,,,,,,,,,,,5,,,
SharePriceMove,,328,,,,,,,O,,,right,76,82,,,,,,,,,
,,329,TrainBought,,180,,,,O,,The Depot,,,,,,,3,,,,,
,,330,TrainBought,,300,,,,O,,The Depot,,,,,,,4,,,,,
PhaseChange,4,331,,,,,,,,,,,,,,,,,,,,,
TrainRust,,332,,,,,,,,,,,,,,,,2,,,,,
,,333,Passed,,,,O,,,,,,,,,,,,,,,,
,,334,Passed,,,,O,,,,,,,,,,,,,,,,
CompanyOperated,,335,,y,,,,,C&O,,,,,,,,,,,,,,
,,336,TilePlaced,,,,,,O,,,,,,H10 (Pittsburgh),14,0,,,,,,
,,337,TokenPlaced,,,,,,O,,,,,,H10 (Pittsburgh)  for $40,,,,,,,,
,,338,TrainRan,,70,,,,O,,,,,,,,,3,F6-G7-H10,,,,
,,339,TrainRan,,70,,,,O,,,,,,,,,3,F6-F2,,,,
,,340,DividendPayed,,140,,,,O,,,,,,,,,,,14,,,
SharePriceMove,,341,,,,,,,O,,,right,71,75,,,,,,,,,
,,342,Passed,,,,O,,,,,,,,,,,,,,,,
,,343,Passed,,,,O,,,,,,,,,,,,,,,,
CompanyOperated,,344,,y,,,,,PRR,,,,,,,,,,,,,,
,,345,TilePlaced,,,,,,R,,,,,,H16 (Lancaster),14,1,,,,,,
,,346,Passed,,,,PRR,,,,,,,,,,,,,,,,
,,347,TrainSkipped,,,,,,R,,,,,,,,,,,,,,
,,348,RunTrainSkipped,,,,,,R,,,,,,,,,,,,,,
SharePriceMove,,349,,,,,,,R,,,left,68,67,,,,,,,,,
,,350,TrainBought,,300,,,,R,,The Depot,,,,,,,4,,,,,
,,351,Passed,,,,PRR,,,,,,,,,,,,,,,,
,,352,Passed,,,,PRR,,,,,,,,,,,,,,,,
CompanyOperated,,353,,n,,,,,NYNH,,,,,,,,,,,,,,
,,354,TilePlaced,,,,,,H,,,,,,E19 (Albany),15,5,,,,,,
,,355,Passed,,,,NYNH,,,,,,,,,,,,,,,,
,,356,TrainRan,,80,,,,H,,,,,,,,,3,G19-F20-E19,,,,
,,357,DividendWithheld,,80,,,,H,,,,,,,,,,,,,,
SharePriceMove,,358,,,,,,,H,,,left,60,50,,,,,,,,,
,,359,Passed,,,,NYNH,,,,,,,,,,,,,,,,
,,360,Passed,,,,NYNH,,,,,,,,,,,,,,,,
OperatingRound,,361,,,,,,,,4.2,,,,,,,,,,,,,
,,362,Collect,,10,,e,,,,Champlain & St.Lawrence,,,,,,,,,,,,
,,363,Collect,,20,,n,,,,Mohawk & Hudson,,,,,,,,,,,,
,,364,Collect,,15,,O,,,,Delaware & Hudson,,,,,,,,,,,,
,,365,Collect,,5,,H,,,,Schuylkill Valley,,,,,,,,,,,,
,,366,Collect,,25,,H,,,,Camden & Amboy,,,,,,,,,,,,
CompanyOperated,,367,,n,,,,,NYC,,,,,,,,,,,,,,
,,368,TilePlaced,,,,,,d,,,,,,G19 (New York & Newark),54,0,,,,,,
,,369,TokenSkipped,,,,,,C,,,,,,,,,,,,,,
,,370,TrainRan,,100,,,,C,,,,,,,,,3,E19-F20-G19,,,,
,,371,DividendPayed,,100,,,,C,,,,,,,,,,,10,,,
SharePriceMove,,372,,,,,,,C,,,right,90,100,,,,,,,,,
,,373,PrivateBought,NYC,220,Mohawk & Hudson from leesin,,,,,,,,,,,,,,,,,
,,374,Passed,,,,NYC,,,,,,,,,,,,,,,,
,,375,Passed,,,,NYC,,,,,,,,,,,,,,,,
CompanyOperated,,376,,e,,,,,B&O,,,,,,,,,,,,,,
,,377,TilePlaced,,,,,,O,,,,,,H18 (Philadelphia & Trenton),59,5,,,,,,
,,378,Passed,,,,O,,,,,,,,,,,,,,,,
,,379,TrainRan,,60,,,,O,,,,,,,,,4,H16-I15,,,,
,,380,TrainRan,,100,,,,O,,,,,,,,,3,H18-H16-H10,,,,
,,381,DividendPayed,,160,,,,O,,,,,,,,,,,16,,,
SharePriceMove,,382,,,,,,,O,,,right,82,90,,,,,,,,,
,,383,PrivateBought,O,80,Champlain & St.Lawrence from KingZombie,,,,,,,,,,,,,,,,,
,,384,TilePlaced,,,,,,),,,,,,B20 (Burlington),58,4,,,,,,
,,385,Passed,,,,O,,,,,,,,,,,,,,,,
,,386,PrivateBuySkipped,,,,,,O,,,,,,,,,,,,,,
CompanyOperated,,387,,y,,,,,C&O,,,,,,,,,,,,,,
,,388,TilePlaced,,,,,,O,,,,,,G11,8,0,,,,,,
,,389,TokenPlaced,,,,,,O,,,,,,H16 (Lancaster)  for $100,,,,,,,,
,,390,TrainRan,,80,,,,O,,,,,,,,,3,F2-F6-G7,,,,
,,391,TrainRan,,100,,,,O,,,,,,,,,3,H18-H16-I15,,,,
,,392,DividendPayed,,180,,,,O,,,,,,,,,,,18,,,
SharePriceMove,,393,,,,,,,O,,,right,75,80,,,,,,,,,
,,394,Passed,,,,O,,,,,,,,,,,,,,,,
,,395,PrivateBuySkipped,,,,,,O,,,,,,,,,,,,,,
CompanyOperated,,396,,y,,,,,PRR,,,,,,,,,,,,,,
,,397,TilePlaced,,,,,,R,,,,,,H8,23,4,,,,,,
,,398,TokenSkipped,,,,,,R,,,,,,,,,,,,,,
,,399,TrainRan,,100,,,,R,,,,,,,,,4,H16-H10-G7-F6,,,,
,,400,DividendPayed,,100,,,,R,,,,,,,,,,,10,,,
SharePriceMove,,401,,,,,,,R,,,right,67,68,,,,,,,,,
,,402,Passed,,,,PRR,,,,,,,,,,,,,,,,
,,403,PrivateBuySkipped,,,,,,R,,,,,,,,,,,,,,
CompanyOperated,,404,,n,,,,,NYNH,,,,,,,,,,,,,,
,,405,TilePlaced,,,,,,H,,,,,,D18,8,5,,,,,,
,,406,Passed,,,,NYNH,,,,,,,,,,,,,,,,
,,407,TrainRan,,100,,,,H,,,,,,,,,3,G19-F20-E19,,,,
,,408,DividendWithheld,,100,,,,H,,,,,,,,,,,,,,
SharePriceMove,,409,,,,,,,H,,,left,50,40,,,,,,,,,
,,410,Passed,,,,NYNH,,,,,,,,,,,,,,,,
,,411,PrivateBuySkipped,,,,,,H,,,,,,,,,,,,,,
StockRound,,412,,,,,,,,5,,,,,,,,,,,,,
,,413,Passed,,,,JuicyBerry,,,,,,,,,,,,,,,,
,,414,SharesSold,e,80,,,,C&O,,,,,,,,,,,,1,,
,,415,ShareBought,e,40,,,10,NYNH,,market,,,,,,,,,,,,
,,416,ShareBought,y,100,,,10,B&O,,IPO,,,,,,,,,,,,
,,417,SellSharesSkipped,y,,,,,,,,,,,,,,,,,,,
,,418,ShareBought,n,40,,,10,NYNH,,market,,,,,,,,,,,,
,,419,SellSharesSkipped,n,,,,,,,,,,,,,,,,,,,
,,420,ShareBought,y,100,,,10,NYC,,IPO,,,,,,,,,,,,
,,421,SellSharesSkipped,y,,,,,,,,,,,,,,,,,,,
,,422,ShareBought,e,68,,,10,PRR,,market,,,,,,,,,,,,
,,423,SellSharesSkipped,e,,,,,,,,,,,,,,,,,,,
,,424,Passed,,,,JibJibMonkey,,,,,,,,,,,,,,,,
,,425,ShareBought,n,68,,,10,PRR,,market,,,,,,,,,,,,
,,426,SellSharesSkipped,n,,,,,,,,,,,,,,,,,,,
,,427,ShareBought,y,100,,,10,NYC,,IPO,,,,,,,,,,,,
,,428,SellSharesSkipped,y,,,,,,,,,,,,,,,,,,,
,,429,ShareBought,e,100,,,10,NYC,,IPO,,,,,,,,,,,,
,,430,SellSharesSkipped,e,,,,,,,,,,,,,,,,,,,
,,431,Passed,,,,JibJibMonkey,,,,,,,,,,,,,,,,
,,432,ShareBought,n,100,,,10,B&O,,IPO,,,,,,,,,,,,
,,433,SellSharesSkipped,n,,,,,,,,,,,,,,,,,,,
,,434,ShareBought,y,100,,,10,NYC,,IPO,,,,,,,,,,,,
,,435,SharesSold,y,200,,,,NYC,,,,,,,,,,,,2,,
SharePriceMove,,436,,,,,,,C,,,down,100,82,,,,,,,,,
,,437,ShareBought,e,68,,,10,PRR,,market,,,,,,,,,,,,
,,438,SellSharesSkipped,e,,,,,,,,,,,,,,,,,,,
,,439,Passed,,,,JibJibMonkey,,,,,,,,,,,,,,,,
,,440,ShareBought,n,100,,,10,B&O,,IPO,,,,,,,,,,,,
,,441,SellSharesSkipped,n,,,,,,,,,,,,,,,,,,,
,,442,Passed,,,,JuicyBerry,,,,,,,,,,,,,,,,
,,443,Passed,,,,KingZombie,,,,,,,,,,,,,,,,
,,444,Passed,,,,JibJibMonkey,,,,,,,,,,,,,,,,
,,445,Passed,,,,leesin,,,,,,,,,,,,,,,,
SharePriceMove,,446,,,,,,,R,,,up,68,69,,,,,,,,,
PriorityDeal,,447,,JuicyBerry,,,,,,,,,,,,,,,,,,,
OperatingRound,,448,,,,,,,,5.1,,,,,,,,,,,,,
,,449,Collect,,10,,O,,,,Champlain & St.Lawrence,,,,,,,,,,,,
,,450,Collect,,20,,C,,,,Mohawk & Hudson,,,,,,,,,,,,
,,451,Collect,,15,,O,,,,Delaware & Hudson,,,,,,,,,,,,
,,452,Collect,,5,,H,,,,Schuylkill Valley,,,,,,,,,,,,
,,453,Collect,,25,,H,,,,Camden & Amboy,,,,,,,,,,,,
CompanyOperated,,454,,e,,,,,B&O,,,,,,,,,,,,,,
,,455,TilePlaced,,,,,,O,,,,,,I15 (Baltimore),53,0,,,,,,
,,456,Passed,,,,O,,,,,,,,,,,,,,,,
,,457,TrainRan,,60,,,,O,,,,,,,,,4,H16-H10,,,,
,,458,TrainRan,,120,,,,O,,,,,,,,,3,I15-H16-H18,,,,
,,459,DividendPayed,,180,,,,O,,,,,,,,,,,18,,,
SharePriceMove,,460,,,,,,,O,,,right,90,100,,,,,,,,,
,,461,Passed,,,,O,,,,,,,,,,,,,,,,
,,462,PrivateBuySkipped,,,,,,O,,,,,,,,,,,,,,
CompanyOperated,,463,,n,,,,,NYC,,,,,,,,,,,,,,
,,464,TilePlaced,,,,,,C,,,,,,F18,9,0,,,,,,
,,465,TokenSkipped,,,,,,C,,,,,,,,,,,,,,
,,466,TrainRan,,100,,,,C,,,,,,,,,3,E19-F20-G19,,,,
,,467,DividendPayed,,100,,,,C,,,,,,,,,,,10,,,
SharePriceMove,,468,,,,,,,C,,,right,82,90,,,,,,,,,
,,469,Passed,,,,NYC,,,,,,,,,,,,,,,,
,,470,PrivateBuySkipped,,,,,,C,,,,,,,,,,,,,,
CompanyOperated,,471,,y,,,,,C&O,,,,,,,,,,,,,,
,,472,TilePlaced,,,,,,O,,,,,,G5,28,3,,,,,,
,,473,TokenSkipped,,,,,,O,,,,,,,,,,,,,,
,,474,TrainRan,,80,,,,O,,,,,,,,,3,F2-F6-G7,,,,
,,475,TrainRan,,120,,,,O,,,,,,,,,3,H18-H16-I15,,,,
,,476,DividendPayed,,200,,,,O,,,,,,,,,,,20,,,
SharePriceMove,,477,,,,,,,O,,,up,80,90,,,,,,,,,
,,478,Passed,,,,O,,,,,,,,,,,,,,,,
,,479,PrivateBuySkipped,,,,,,O,,,,,,,,,,,,,,
CompanyOperated,,480,,y,,,,,PRR,,,,,,,,,,,,,,
,,481,TilePlaced,,,,,,R,,,,,,H6,9,1,,,,,,
,,482,TokenSkipped,,,,,,R,,,,,,,,,,,,,,
,,483,TrainRan,,100,,,,R,,,,,,,,,4,H16-H10-G7-F6,,,,
,,484,DividendPayed,,100,,,,R,,,,,,,,,,,10,,,
SharePriceMove,,485,,,,,,,R,,,right,69,70,,,,,,,,,
,,486,Passed,,,,PRR,,,,,,,,,,,,,,,,
,,487,PrivateBuySkipped,,,,,,R,,,,,,,,,,,,,,
CompanyOperated,,488,,n,,,,,NYNH,,,,,,,,,,,,,,
,,489,TilePlaced,,,,,,H,,,,,,G17 (Reading & Allentown),69,1,,,,,,
,,490,TokenPlaced,,,,,,H,,,,,,E19 (Albany)  for $40,,,,,,,,
,,491,TrainRan,,100,,,,H,,,,,,,,,3,G19-F20-E19,,,,
,,492,DividendWithheld,,100,,,,H,,,,,,,,,,,,,,
SharePriceMove,,493,,,,,,,H,,,left,40,30,,,,,,,,,
,,494,Passed,,,,NYNH,,,,,,,,,,,,,,,,
,,495,PrivateBuySkipped,,,,,,H,,,,,,,,,,,,,,
OperatingRound,,496,,,,,,,,5.2,,,,,,,,,,,,,
,,497,Collect,,10,,O,,,,Champlain & St.Lawrence,,,,,,,,,,,,
,,498,Collect,,15,,O,,,,Delaware & Hudson,,,,,,,,,,,,
,,499,Collect,,20,,C,,,,Mohawk & Hudson,,,,,,,,,,,,
,,500,Collect,,5,,H,,,,Schuylkill Valley,,,,,,,,,,,,
,,501,Collect,,25,,H,,,,Camden & Amboy,,,,,,,,,,,,
CompanyOperated,,502,,e,,,,,B&O,,,,,,,,,,,,,,
,,503,TilePlaced,,,,,,O,,,,,,H14,23,1,,,,,,
,,504,Passed,,,,O,,,,,,,,,,,,,,,,
,,505,TrainRan,,80,,,,O,,,,,,,,,4,I15-H10,,,,
,,506,TrainRan,,120,,,,O,,,,,,,,,3,I15-H16-H18,,,,
,,507,DividendPayed,,200,,,,O,,,,,,,,,,,20,,,
SharePriceMove,,508,,,,,,,O,,,right,100,111,,,,,,,,,
,,509,Passed,,,,O,,,,,,,,,,,,,,,,
,,510,PrivateBuySkipped,,,,,,O,,,,,,,,,,,,,,
CompanyOperated,,511,,y,,,,,C&O,,,,,,,,,,,,,,
,,512,TilePlaced,,,,,,O,,,,,,I17,27,1,,,,,,
,,513,TokenSkipped,,,,,,O,,,,,,,,,,,,,,
,,514,TrainRan,,90,,,,O,,,,,,,,,3,I15-H10-G7,,,,
,,515,TrainRan,,120,,,,O,,,,,,,,,3,I15-H16-H18,,,,
,,516,DividendPayed,,210,,,,O,,,,,,,,,,,21,,,
SharePriceMove,,517,,,,,,,O,,,right,90,100,,,,,,,,,
,,518,Passed,,,,O,,,,,,,,,,,,,,,,
,,519,PrivateBuySkipped,,,,,,O,,,,,,,,,,,,,,
CompanyOperated,,520,,n,,,,,NYC,,,,,,,,,,,,,,
,,521,TilePlaced,,,,,,C,,,,,,F18,26,0,,,,,,
,,522,TokenSkipped,,,,,,C,,,,,,,,,,,,,,
,,523,TrainRan,,100,,,,C,,,,,,,,,3,E19-F20-G19,,,,
,,524,DividendPayed,,100,,,,C,,,,,,,,,,,10,,,
SharePriceMove,,525,,,,,,,C,,,right,90,100,,,,,,,,,
,,526,Passed,,,,NYC,,,,,,,,,,,,,,,,
,,527,PrivateBuySkipped,,,,,,C,,,,,,,,,,,,,,
CompanyOperated,,528,,y,,,,,PRR,,,,,,,,,,,,,,
,,529,TilePlaced,,,,,,R,,,,,,H4 (Columbus),57,1,,,,,,
,,530,Passed,,,,PRR,,,,,,,,,,,,,,,,
,,531,TrainRan,,120,,,,R,,,,,,,,,4,I15-H10-G7-F6,,,,
,,532,DividendPayed,,120,,,,R,,,,,,,,,,,12,,,
SharePriceMove,,533,,,,,,,R,,,up,70,75,,,,,,,,,
,,534,Passed,,,,PRR,,,,,,,,,,,,,,,,
,,535,PrivateBuySkipped,,,,,,R,,,,,,,,,,,,,,
CompanyOperated,,536,,n,,,,,NYNH,,,,,,,,,,,,,,
,,537,TilePlaced,,,,,,H,,,,,,D16,9,1,,,,,,
,,538,TokenSkipped,,,,,,H,,,,,,,,,,,,,,
,,539,TrainRan,,100,,,,H,,,,,,,,,3,G19-F20-E19,,,,
,,540,DividendPayed,,100,,,,H,,,,,,,,,,,10,,,
SharePriceMove,,541,,,,,,,H,,,right,30,40,,,,,,,,,
,,542,Passed,,,,NYNH,,,,,,,,,,,,,,,,
,,543,PrivateBuySkipped,,,,,,H,,,,,,,,,,,,,,
StockRound,,544,,,,,,,,6,,,,,,,,,,,,,
,,545,SharesSold,y,40,,,,NYNH,,,,,,,,,,,,1,,
SharePriceMove,,546,,,,,,,H,,,down,40,30,,,,,,,,,
,,547,CompanyPared,JuicyBerry,100,,,,ERIE,,,,,,,,,,,,,,
,,548,ShareBought,y,200,,,20,ERIE,,IPO,,,,,,,,,,,,
PresidentNomination,,549,,JuicyBerry,,,,,ERIE,,,,,,,,,,,,,,
,,550,ShareBought,e,30,,,10,NYNH,,market,,,,,,,,,,,,
,,551,SellSharesSkipped,e,,,,,,,,,,,,,,,,,,,
,,552,SharesSold,y,111,,,,B&O,,,,,,,,,,,,1,,
SharePriceMove,,553,,,,,,,O,,,down,111,100,,,,,,,,,
,,554,SharesSold,y,100,,,,C&O,,,,,,,,,,,,1,,
,,555,CompanyPared,JibJibMonkey,76,,,,B&M,,,,,,,,,,,,,,
,,556,ShareBought,y,152,,,20,B&M,,IPO,,,,,,,,,,,,
PresidentNomination,,557,,JibJibMonkey,,,,,B&M,,,,,,,,,,,,,,
,,558,SharesSold,n,100,,,,B&O,,,,,,,,,,,,1,,
SharePriceMove,,559,,,,,,,O,,,down,100,90,,,,,,,,,
,,560,SharesSold,n,100,,,,C&O,,,,,,,,,,,,1,,
,,561,ShareBought,n,71,,,10,NYNH,,IPO,,,,,,,,,,,,
,,562,ShareBought,y,100,,,10,ERIE,,IPO,,,,,,,,,,,,
,,563,SellSharesSkipped,y,,,,,,,,,,,,,,,,,,,
,,564,SharesSold,e,100,,,,C&O,,,,,,,,,,,,1,,
,,565,ShareBought,e,90,,,10,B&O,,market,,,,,,,,,,,,
,,566,ShareBought,y,76,,,10,B&M,,IPO,,,,,,,,,,,,
,,567,SellSharesSkipped,y,,,,,,,,,,,,,,,,,,,
,,568,ShareBought,n,100,,,10,ERIE,,IPO,,,,,,,,,,,,
,,569,SellSharesSkipped,n,,,,,,,,,,,,,,,,,,,
,,570,ShareBought,y,100,,,10,ERIE,,IPO,,,,,,,,,,,,
,,571,SellSharesSkipped,y,,,,,,,,,,,,,,,,,,,
,,572,ShareBought,e,100,,,10,NYC,,market,,,,,,,,,,,,
,,573,SellSharesSkipped,e,,,,,,,,,,,,,,,,,,,
,,574,ShareBought,y,76,,,10,B&M,,IPO,,,,,,,,,,,,
,,575,SellSharesSkipped,y,,,,,,,,,,,,,,,,,,,
,,576,ShareBought,n,100,,,10,ERIE,,IPO,,,,,,,,,,,,
CompanyFloating,,577,,E,,,,,,,,,,,,,,,,,,,
,,578,FundsReceived,,1000,,,,E,,,,,,,,,,,,,,
,,579,SellSharesSkipped,n,,,,,,,,,,,,,,,,,,,
,,580,ShareBought,y,100,,,10,ERIE,,IPO,,,,,,,,,,,,
,,581,SellSharesSkipped,y,,,,,,,,,,,,,,,,,,,
,,582,ShareBought,e,100,,,10,NYC,,market,,,,,,,,,,,,
,,583,SellSharesSkipped,e,,,,,,,,,,,,,,,,,,,
,,584,ShareBought,y,76,,,10,B&M,,IPO,,,,,,,,,,,,
,,585,SellSharesSkipped,y,,,,,,,,,,,,,,,,,,,
,,586,ShareBought,n,100,,,10,ERIE,,IPO,,,,,,,,,,,,
,,587,SellSharesSkipped,n,,,,,,,,,,,,,,,,,,,
,,588,ShareBought,y,100,,,10,ERIE,,IPO,,,,,,,,,,,,
,,589,SellSharesSkipped,y,,,,,,,,,,,,,,,,,,,
,,590,ShareBought,e,71,,,10,NYNH,,IPO,,,,,,,,,,,,
,,591,SellSharesSkipped,e,,,,,,,,,,,,,,,,,,,
,,592,ShareBought,y,76,,,10,B&M,,IPO,,,,,,,,,,,,
CompanyFloating,,593,,M,,,,,,,,,,,,,,,,,,,
,,594,FundsReceived,,760,,,,M,,,,,,,,,,,,,,
,,595,SellSharesSkipped,y,,,,,,,,,,,,,,,,,,,
,,596,ShareBought,n,71,,,10,NYNH,,IPO,,,,,,,,,,,,
,,597,SellSharesSkipped,n,,,,,,,,,,,,,,,,,,,
,,598,Passed,,,,JuicyBerry,,,,,,,,,,,,,,,,
,,599,ShareBought,e,76,,,10,B&M,,IPO,,,,,,,,,,,,
,,600,SellSharesSkipped,e,,,,,,,,,,,,,,,,,,,
,,601,Passed,,,,JibJibMonkey,,,,,,,,,,,,,,,,
,,602,ShareBought,n,100,,,10,ERIE,,IPO,,,,,,,,,,,,
,,603,SharesSold,n,400,,,,ERIE,,,,,,,,,,,,4,,
SharePriceMove,,604,,,,,,,E,,,down,100,71,,,,,,,,,
,,605,SharesSold,y,100,,,,C&O,,,,,,,,,,,,1,,
,,606,ShareBought,y,76,,,10,B&M,,IPO,,,,,,,,,,,,
,,607,SharesSold,e,76,,,,B&M,,,,,,,,,,,,1,,
SharePriceMove,,608,,,,,,,M,,,down,76,71,,,,,,,,,
,,609,SharesSold,e,90,,,,B&O,,,,,,,,,,,,1,,
SharePriceMove,,610,,,,,,,O,,,down,90,80,,,,,,,,,
,,611,SharesSold,e,200,,,,NYC,,,,,,,,,,,,2,,
SharePriceMove,,612,,,,,,,C,,,down,100,82,,,,,,,,,
,,613,SharesSold,e,150,,,,PRR,,,,,,,,,,,,2,,
SharePriceMove,,614,,,,,,,R,,,down,75,70,,,,,,,,,
,,615,CompanyPared,KingZombie,90,,,,CPR,,,,,,,,,,,,,,
,,616,ShareBought,e,180,,,20,CPR,,IPO,,,,,,,,,,,,
PresidentNomination,,617,,KingZombie,,,,,CPR,,,,,,,,,,,,,,
,,618,Passed,,,,JibJibMonkey,,,,,,,,,,,,,,,,
,,619,ShareBought,n,71,,,10,B&M,,market,,,,,,,,,,,,
,,620,SellSharesSkipped,n,,,,,,,,,,,,,,,,,,,
,,621,Passed,,,,JuicyBerry,,,,,,,,,,,,,,,,
,,622,ShareBought,e,90,,,10,CPR,,IPO,,,,,,,,,,,,
,,623,SellSharesSkipped,e,,,,,,,,,,,,,,,,,,,
,,624,Passed,,,,JibJibMonkey,,,,,,,,,,,,,,,,
,,625,ShareBought,n,90,,,10,CPR,,IPO,,,,,,,,,,,,
,,626,SellSharesSkipped,n,,,,,,,,,,,,,,,,,,,
,,627,Passed,,,,JuicyBerry,,,,,,,,,,,,,,,,
,,628,ShareBought,e,90,,,10,CPR,,IPO,,,,,,,,,,,,
,,629,SellSharesSkipped,e,,,,,,,,,,,,,,,,,,,
,,630,Passed,,,,JibJibMonkey,,,,,,,,,,,,,,,,
,,631,ShareBought,n,90,,,10,CPR,,IPO,,,,,,,,,,,,
CompanyFloating,,632,,R,,,,,,,,,,,,,,,,,,,
,,633,FundsReceived,,900,,,,R,,,,,,,,,,,,,,
,,634,SellSharesSkipped,n,,,,,,,,,,,,,,,,,,,
,,635,Passed,,,,JuicyBerry,,,,,,,,,,,,,,,,
,,636,ShareBought,e,90,,,10,CPR,,IPO,,,,,,,,,,,,
,,637,SellSharesSkipped,e,,,,,,,,,,,,,,,,,,,
,,638,Passed,,,,JibJibMonkey,,,,,,,,,,,,,,,,
,,639,ShareBought,n,90,,,10,CPR,,IPO,,,,,,,,,,,,
,,640,SellSharesSkipped,n,,,,,,,,,,,,,,,,,,,
,,641,Passed,,,,JuicyBerry,,,,,,,,,,,,,,,,
,,642,ShareBought,e,71,,,10,ERIE,,market,,,,,,,,,,,,
,,643,SellSharesSkipped,e,,,,,,,,,,,,,,,,,,,
,,644,Passed,,,,JibJibMonkey,,,,,,,,,,,,,,,,
,,645,ShareBought,n,90,,,10,CPR,,IPO,,,,,,,,,,,,
,,646,SharesSold,n,360,,,,CPR,,,,,,,,,,,,4,,
SharePriceMove,,647,,,,,,,R,,,down,90,67,,,,,,,,,
,,648,Passed,,,,JuicyBerry,,,,,,,,,,,,,,,,
,,649,Passed,,,,KingZombie,,,,,,,,,,,,,,,,
,,650,Passed,,,,JibJibMonkey,,,,,,,,,,,,,,,,
,,651,ShareBought,n,70,,,10,PRR,,market,,,,,,,,,,,,
,,652,SellSharesSkipped,n,,,,,,,,,,,,,,,,,,,
,,653,Passed,,,,JuicyBerry,,,,,,,,,,,,,,,,
,,654,Passed,,,,KingZombie,,,,,,,,,,,,,,,,
,,655,Passed,,,,JibJibMonkey,,,,,,,,,,,,,,,,
,,656,Passed,,,,leesin,,,,,,,,,,,,,,,,
SharePriceMove,,657,,,,,,,H,,,up,30,40,,,,,,,,,
PriorityDeal,,658,,JuicyBerry,,,,,,,,,,,,,,,,,,,
OperatingRound,,659,,,,,,,,6.1,,,,,,,,,,,,,
,,660,Collect,,15,,O,,,,Delaware & Hudson,,,,,,,,,,,,
,,661,Collect,,20,,C,,,,Mohawk & Hudson,,,,,,,,,,,,
,,662,Collect,,10,,O,,,,Champlain & St.Lawrence,,,,,,,,,,,,
,,663,Collect,,5,,H,,,,Schuylkill Valley,,,,,,,,,,,,
,,664,Collect,,25,,H,,,,Camden & Amboy,,,,,,,,,,,,
CompanyOperated,,665,,y,,,,,C&O,,,,,,,,,,,,,,
,,666,TilePlaced,,,,,,O,,,,,,G3,24,2,,,,,,
,,667,TokenSkipped,,,,,,O,,,,,,,,,,,,,,
,,668,TrainRan,,100,,,,O,,,,,,,,,3,I15-H10-H4,,,,
,,669,TrainRan,,120,,,,O,,,,,,,,,3,I15-H16-H18,,,,
,,670,DividendPayed,,220,,,,O,,,,,,,,,,,22,,,
SharePriceMove,,671,,,,,,,O,,,up,100,110,,,,,,,,,
,,672,Passed,,,,O,,,,,,,,,,,,,,,,
,,673,PrivateBuySkipped,,,,,,O,,,,,,,,,,,,,,
CompanyOperated,,674,,n,,,,,NYC,,,,,,,,,,,,,,
,,675,TilePlaced,,,,,,C,,,,,,D12,9,1,,,,,,
,,676,TokenPlaced,,,,,,C,,,,,,D14 (Rochester)  for $40,,,,,,,,
,,677,TrainRan,,100,,,,C,,,,,,,,,3,E19-F20-G19,,,,
,,678,DividendPayed,,100,,,,C,,,,,,,,,,,10,,,
SharePriceMove,,679,,,,,,,C,,,right,82,90,,,,,,,,,
,,680,Passed,,,,NYC,,,,,,,,,,,,,,,,
,,681,PrivateBuySkipped,,,,,,C,,,,,,,,,,,,,,
CompanyOperated,,682,,e,,,,,B&O,,,,,,,,,,,,,,
,,683,TilePlaced,,,,,,d,,,,,,J14 (Washington),57,0,,,,,,
,,684,Passed,,,,O,,,,,,,,,,,,,,,,
,,685,TrainRan,,130,,,,O,,,,,,,,,4,K13-J14-I15-H10,,,,
,,686,TrainRan,,120,,,,O,,,,,,,,,3,I15-H16-H18,,,,
,,687,DividendPayed,,250,,,,O,,,,,,,,,,,25,,,
SharePriceMove,,688,,,,,,,O,,,up,80,90,,,,,,,,,
,,689,Passed,,,,O,,,,,,,,,,,,,,,,
,,690,PrivateBuySkipped,,,,,,O,,,,,,,,,,,,,,
CompanyOperated,,691,,y,,,,,ERIE,,,,,,,,,,,,,,
,,692,TokenPlaced,,,,,,E,,,,,,E11,,,,,,,,
,,693,TilePlaced,,,,,,E,,,,,,E11 (Dunkirk & Buffalo),59,0,,,,,,
SelectHome,,694,,,,,,,E,,,,,,,,,,,,,,
,,695,TokenPlaced,,,,,,E,,,,,,E11 (Dunkirk & Buffalo),,,,,,,,
,,696,TokenSkipped,,,,,,E,,,,,,,,,,,,,,
,,697,TrainSkipped,,,,,,E,,,,,,,,,,,,,,
,,698,RunTrainSkipped,,,,,,E,,,,,,,,,,,,,,
SharePriceMove,,699,,,,,,,E,,,left,71,67,,,,,,,,,
,,700,Passed,,,,ERIE,,,,,,,,,,,,,,,,
,,701,PrivateBuySkipped,,,,,,E,,,,,,,,,,,,,,
CompanyOperated,,702,,y,,,,,B&M,,,,,,,,,,,,,,
,,703,TokenPlaced,,,,,,M,,,,,,E23,,,,,,,,
,,704,TilePlaced,,,,,,M,,,,,,E23 (Boston),53,1,,,,,,
,,705,TokenSkipped,,,,,,M,,,,,,,,,,,,,,
,,706,TrainSkipped,,,,,,M,,,,,,,,,,,,,,
,,707,RunTrainSkipped,,,,,,M,,,,,,,,,,,,,,
SharePriceMove,,708,,,,,,,M,,,left,71,67,,,,,,,,,
,,709,TrainBought,,300,,,,M,,The Depot,,,,,,,4,,,,,
,,710,Passed,,,,M,,,,,,,,,,,,,,,,
,,711,PrivateBuySkipped,,,,,,M,,,,,,,,,,,,,,
CompanyOperated,,712,,y,,,,,PRR,,,,,,,,,,,,,,
,,713,TilePlaced,,,,,,R,,,,,,H4 (Columbus),15,1,,,,,,
,,714,Passed,,,,PRR,,,,,,,,,,,,,,,,
,,715,TrainRan,,150,,,,R,,,,,,,,,4,F2-H4-H10-I15,,,,
,,716,DividendPayed,,150,,,,R,,,,,,,,,,,15,,,
SharePriceMove,,717,,,,,,,R,,,up,70,75,,,,,,,,,
,,718,Passed,,,,PRR,,,,,,,,,,,,,,,,
,,719,PrivateBuySkipped,,,,,,R,,,,,,,,,,,,,,
CompanyOperated,,720,,e,,,,,CPR,,,,,,,,,,,,,,
,,721,TokenPlaced,,,,,,R,,,,,,A19,,,,,,,,
,,722,TilePlaced,,,,,,d,,,,,,B18,7,2,,,,,,
,,723,TokenSkipped,,,,,,R,,,,,,,,,,,,,,
,,724,TrainSkipped,,,,,,R,,,,,,,,,,,,,,
,,725,RunTrainSkipped,,,,,,R,,,,,,,,,,,,,,
SharePriceMove,,726,,,,,,,R,,,left,67,65,,,,,,,,,
,,727,TrainBought,,271,,,,R,,B&O,,,,,,,3,,,,,
,,728,Passed,,,,CPR,,,,,,,,,,,,,,,,
,,729,PrivateBuySkipped,,,,,,R,,,,,,,,,,,,,,
CompanyOperated,,730,,n,,,,,NYNH,,,,,,,,,,,,,,
,,731,TilePlaced,,,,,,H,,,,,,D16,24,4,,,,,,
,,732,TokenSkipped,,,,,,H,,,,,,,,,,,,,,
,,733,TrainRan,,100,,,,H,,,,,,,,,3,G19-F20-E19,,,,
,,734,DividendWithheld,,100,,,,H,,,,,,,,,,,,,,
SharePriceMove,,735,,,,,,,H,,,left,40,30,,,,,,,,,
,,736,Passed,,,,NYNH,,,,,,,,,,,,,,,,
,,737,PrivateBuySkipped,,,,,,H,,,,,,,,,,,,,,
OperatingRound,,738,,,,,,,,6.2,,,,,,,,,,,,,
,,739,Collect,,15,,O,,,,Delaware & Hudson,,,,,,,,,,,,
,,740,Collect,,20,,C,,,,Mohawk & Hudson,,,,,,,,,,,,
,,741,Collect,,10,,O,,,,Champlain & St.Lawrence,,,,,,,,,,,,
,,742,Collect,,5,,H,,,,Schuylkill Valley,,,,,,,,,,,,
,,743,Collect,,25,,H,,,,Camden & Amboy,,,,,,,,,,,,
CompanyOperated,,744,,y,,,,,C&O,,,,,,,,,,,,,,
,,745,TilePlaced,,,,,,O,,,,,,G11,24,0,,,,,,
,,746,TokenSkipped,,,,,,O,,,,,,,,,,,,,,
,,747,TrainRan,,110,,,,O,,,,,,,,,3,I15-H10-H4,,,,
,,748,TrainRan,,120,,,,O,,,,,,,,,3,I15-H16-H18,,,,
,,749,DividendPayed,,230,,,,O,,,,,,,,,,,23,,,
SharePriceMove,,750,,,,,,,O,,,right,110,120,,,,,,,,,
,,751,Passed,,,,O,,,,,,,,,,,,,,,,
,,752,PrivateBuySkipped,,,,,,O,,,,,,,,,,,,,,
CompanyOperated,,753,,n,,,,,NYC,,,,,,,,,,,,,,
,,754,TilePlaced,,,,,,C,,,,,,E13,8,1,,,,,,
,,755,TokenSkipped,,,,,,C,,,,,,,,,,,,,,
,,756,TrainRan,,100,,,,C,,,,,,,,,3,E19-F20-G19,,,,
,,757,DividendPayed,,100,,,,C,,,,,,,,,,,10,,,
SharePriceMove,,758,,,,,,,C,,,right,90,100,,,,,,,,,
,,759,Passed,,,,NYC,,,,,,,,,,,,,,,,
,,760,PrivateBuySkipped,,,,,,C,,,,,,,,,,,,,,
CompanyOperated,,761,,e,,,,,B&O,,,,,,,,,,,,,,
,,762,TilePlaced,,,,,,O,,,,,,J14 (Washington),14,2,,,,,,
,,763,Passed,,,,O,,,,,,,,,,,,,,,,
,,764,TrainRan,,150,,,,O,,,,,,,,,4,H18-H16-I15-H10,,,,
,,765,DividendPayed,,150,,,,O,,,,,,,,,,,15,,,
SharePriceMove,,766,,,,,,,O,,,right,90,100,,,,,,,,,
,,767,Passed,,,,O,,,,,,,,,,,,,,,,
,,768,PrivateBuySkipped,,,,,,O,,,,,,,,,,,,,,
CompanyOperated,,769,,y,,,,,PRR,,,,,,,,,,,,,,
,,770,TilePlaced,,,,,,R,,,,,,H2,7,4,,,,,,
,,771,Passed,,,,PRR,,,,,,,,,,,,,,,,
,,772,TrainRan,,150,,,,R,,,,,,,,,4,F2-H4-H10-I15,,,,
,,773,DividendPayed,,150,,,,R,,,,,,,,,,,15,,,
SharePriceMove,,774,,,,,,,R,,,right,75,80,,,,,,,,,
,,775,Passed,,,,PRR,,,,,,,,,,,,,,,,
,,776,PrivateBuySkipped,,,,,,R,,,,,,,,,,,,,,
CompanyOperated,,777,,y,,,,,ERIE,,,,,,,,,,,,,,
,,778,TilePlaced,,,,,,E,,,,,,F10 (Erie),58,3,,,,,,
,,779,TokenSkipped,,,,,,E,,,,,,,,,,,,,,
,,780,TrainSkipped,,,,,,E,,,,,,,,,,,,,,
,,781,RunTrainSkipped,,,,,,E,,,,,,,,,,,,,,
SharePriceMove,,782,,,,,,,E,,,left,67,62,,,,,,,,,
,,783,TrainBought,,249,,,,E,,C&O,,,,,,,3,,,,,
,,784,TrainBought,,300,,,,E,,The Depot,,,,,,,4,,,,,
,,785,TrainBought,,450,,,,E,,The Depot,,,,,,,5,,,,,
PhaseChange,5,786,,,,,,,,,,,,,,,,,,,,,
PrivatesClose,,787,,,,,,,,,,,,,,,,,,,,,
,,788,TrainDiscarded,,,,,,E,,,,,,,,,,,,,,
,,789,PrivateBuySkipped,,,,,,E,,,,,,,,,,,,,,
CompanyOperated,,790,,y,,,,,B&M,,,,,,,,,,,,,,
,,791,TilePlaced,,,,,,d,,,,,,E21,8,4,,,,,,
,,792,TokenSkipped,,,,,,M,,,,,,,,,,,,,,
,,793,TrainRan,,70,,,,M,,,,,,,,,4,F20-E23-F24,,,,
,,794,DividendPayed,,70,,,,M,,,,,,,,,,,7,,,
SharePriceMove,,795,,,,,,,M,,,right,67,71,,,,,,,,,
,,796,Passed,,,,M,,,,,,,,,,,,,,,,
,,797,PrivateBuySkipped,,,,,,M,,,,,,,,,,,,,,
CompanyOperated,,798,,e,,,,,CPR,,,,,,,,,,,,,,
,,799,TilePlaced,,,,,,R,,,,,,B16 (Ottawa),57,0,,,,,,
,,800,Passed,,,,CPR,,,,,,,,,,,,,,,,
,,801,TrainRan,,70,,,,R,,,,,,,,,3,A19-B16-C15,,,,
,,802,DividendPayed,,70,,,,R,,,,,,,,,,,7,,,
SharePriceMove,,803,,,,,,,R,,,right,65,67,,,,,,,,,
,,804,TrainBought,,450,,,,R,,The Depot,,,,,,,5,,,,,
,,805,PrivateBuySkipped,,,,,,R,,,,,,,,,,,,,,
CompanyOperated,,806,,n,,,,,NYNH,,,,,,,,,,,,,,
,,807,TilePlaced,,,,,,H,,,,,,H18 (Philadelphia & Trenton),66,5,,,,,,
,,808,TokenSkipped,,,,,,H,,,,,,,,,,,,,,
,,809,TrainRan,,120,,,,H,,,,,,,,,3,G19-G17-H18,,,,
,,810,DividendPayed,,120,,,,H,,,,,,,,,,,12,,,
SharePriceMove,,811,,,,,,,H,,,right,30,40,,,,,,,,,
,,812,TrainBought,,450,,,,H,,The Depot,,,,,,,5,,,,,
,,813,PrivateBuySkipped,,,,,,H,,,,,,,,,,,,,,
StockRound,,814,,,,,,,,7,,,,,,,,,,,,,
,,815,ShareBought,y,120,,,10,C&O,,market,,,,,,,,,,,,
,,816,SellSharesSkipped,y,,,,,,,,,,,,,,,,,,,
,,817,ShareBought,e,100,,,10,NYC,,market,,,,,,,,,,,,
,,818,SellSharesSkipped,e,,,,,,,,,,,,,,,,,,,
,,819,ShareBought,y,62,,,10,ERIE,,market,,,,,,,,,,,,
,,820,SellSharesSkipped,y,,,,,,,,,,,,,,,,,,,
,,821,ShareBought,n,62,,,10,ERIE,,market,,,,,,,,,,,,
,,822,SellSharesSkipped,n,,,,,,,,,,,,,,,,,,,
,,823,ShareBought,y,67,,,10,CPR,,market,,,,,,,,,,,,
,,824,SellSharesSkipped,y,,,,,,,,,,,,,,,,,,,
,,825,ShareBought,e,100,,,10,NYC,,market,,,,,,,,,,,,
,,826,SellSharesSkipped,e,,,,,,,,,,,,,,,,,,,
,,827,ShareBought,y,67,,,10,CPR,,market,,,,,,,,,,,,
,,828,SellSharesSkipped,y,,,,,,,,,,,,,,,,,,,
,,829,ShareBought,n,67,,,10,CPR,,market,,,,,,,,,,,,
,,830,SellSharesSkipped,n,,,,,,,,,,,,,,,,,,,
,,831,Passed,,,,JuicyBerry,,,,,,,,,,,,,,,,
,,832,ShareBought,e,67,,,10,CPR,,market,,,,,,,,,,,,
,,833,SellSharesSkipped,e,,,,,,,,,,,,,,,,,,,
,,834,ShareBought,y,120,,,10,C&O,,market,,,,,,,,,,,,
,,835,SellSharesSkipped,y,,,,,,,,,,,,,,,,,,,
,,836,ShareBought,n,62,,,10,ERIE,,market,,,,,,,,,,,,
,,837,SellSharesSkipped,n,,,,,,,,,,,,,,,,,,,
,,838,Passed,,,,JuicyBerry,,,,,,,,,,,,,,,,
,,839,ShareBought,e,76,,,10,B&M,,IPO,,,,,,,,,,,,
,,840,SellSharesSkipped,e,,,,,,,,,,,,,,,,,,,
,,841,Passed,,,,JibJibMonkey,,,,,,,,,,,,,,,,
,,842,ShareBought,n,120,,,10,C&O,,market,,,,,,,,,,,,
,,843,SellSharesSkipped,n,,,,,,,,,,,,,,,,,,,
,,844,Passed,,,,JuicyBerry,,,,,,,,,,,,,,,,
,,845,Passed,,,,KingZombie,,,,,,,,,,,,,,,,
,,846,Passed,,,,JibJibMonkey,,,,,,,,,,,,,,,,
,,847,ShareBought,n,120,,,10,C&O,,market,,,,,,,,,,,,
,,848,SellSharesSkipped,n,,,,,,,,,,,,,,,,,,,
,,849,Passed,,,,JuicyBerry,,,,,,,,,,,,,,,,
,,850,Passed,,,,KingZombie,,,,,,,,,,,,,,,,
,,851,Passed,,,,JibJibMonkey,,,,,,,,,,,,,,,,
,,852,ShareBought,n,120,,,10,C&O,,market,,,,,,,,,,,,
,,853,SellSharesSkipped,n,,,,,,,,,,,,,,,,,,,
,,854,Passed,,,,JuicyBerry,,,,,,,,,,,,,,,,
,,855,Passed,,,,KingZombie,,,,,,,,,,,,,,,,
,,856,Passed,,,,JibJibMonkey,,,,,,,,,,,,,,,,
,,857,SharesSold,n,120,,,,C&O,,,,,,,,,,,,1,,
,,858,BuySharesSkipped,n,,,,,,,,,,,,,,,,,,,
,,859,Passed,,,,JuicyBerry,,,,,,,,,,,,,,,,
,,860,Passed,,,,KingZombie,,,,,,,,,,,,,,,,
,,861,Passed,,,,JibJibMonkey,,,,,,,,,,,,,,,,
,,862,ShareBought,n,100,,,10,B&O,,IPO,,,,,,,,,,,,
,,863,SellSharesSkipped,n,,,,,,,,,,,,,,,,,,,
,,864,Passed,,,,JuicyBerry,,,,,,,,,,,,,,,,
,,865,Passed,,,,KingZombie,,,,,,,,,,,,,,,,
,,866,Passed,,,,JibJibMonkey,,,,,,,,,,,,,,,,
,,867,Passed,,,,leesin,,,,,,,,,,,,,,,,
SharePriceMove,,868,,,,,,,C,,,up,100,110,,,,,,,,,
SharePriceMove,,869,,,,,,,E,,,up,62,66,,,,,,,,,
SharePriceMove,,870,,,,,,,H,,,up,40,45,,,,,,,,,
PriorityDeal,,871,,JuicyBerry,,,,,,,,,,,,,,,,,,,
OperatingRound,,872,,,,,,,,7.1,,,,,,,,,,,,,
CompanyOperated,,873,,y,,,,,C&O,,,,,,,,,,,,,,
,,874,TilePlaced,,,,,,O,,,,,,I15 (Baltimore),61,4,,,,,,
,,875,TokenSkipped,,,,,,O,,,,,,,,,,,,,,
,,876,TrainRan,,140,,,,O,,,,,,,,,3,I15-H16-H18,,,,
,,877,DividendWithheld,,140,,,,O,,,,,,,,,,,,,,
SharePriceMove,,878,,,,,,,O,,,left,120,110,,,,,,,,,
,,879,TrainBought,,630,,,,O,,The Depot,,,,,,,6,,,,,
PhaseChange,6,880,,,,,,,,,,,,,,,,,,,,,
TrainRust,,881,,,,,,,,,,,,,,,,3,,,,,
,,882,Passed,,,,O,,,,,,,,,,,,,,,,
,,883,PrivateBuySkipped,,,,,,O,,,,,,,,,,,,,,
CompanyOperated,,884,,n,,,,,NYC,,,,,,,,,,,,,,
,,885,TilePlaced,,,,,,C,,,,,,E11 (Dunkirk & Buffalo),64,2,,,,,,
,,886,Passed,,,,NYC,,,,,,,,,,,,,,,,
,,887,TrainSkipped,,,,,,C,,,,,,,,,,,,,,
,,888,RunTrainSkipped,,,,,,C,,,,,,,,,,,,,,
SharePriceMove,,889,,,,,,,C,,,left,110,100,,,,,,,,,
,,890,TrainBought,,630,,,,C,,The Depot,,,,,,,6,,,,,
,,891,Passed,,,,NYC,,,,,,,,,,,,,,,,
,,892,PrivateBuySkipped,,,,,,C,,,,,,,,,,,,,,
CompanyOperated,,893,,e,,,,,B&O,,,,,,,,,,,,,,
,,894,TilePlaced,,,,,,O,,,,,,H14,41,4,,,,,,
,,895,Passed,,,,O,,,,,,,,,,,,,,,,
,,896,TrainRan,,170,,,,O,,,,,,,,,4,H18-H16-I15-H10,,,,
,,897,DividendPayed,,170,,,,O,,,,,,,,,,,17,,,
SharePriceMove,,898,,,,,,,O,,,up,100,110,,,,,,,,,
,,899,Passed,,,,O,,,,,,,,,,,,,,,,
,,900,PrivateBuySkipped,,,,,,O,,,,,,,,,,,,,,
CompanyOperated,,901,,y,,,,,PRR,,,,,,,,,,,,,,
,,902,TilePlaced,,,,,,R,,,,,,F12,9,0,,,,,,
,,903,Passed,,,,PRR,,,,,,,,,,,,,,,,
,,904,TrainRan,,190,,,,R,,,,,,,,,4,F2-H4-H10-I15,,,,
,,905,DividendWithheld,,190,,,,R,,,,,,,,,,,,,,
SharePriceMove,,906,,,,,,,R,,,left,80,75,,,,,,,,,
,,907,Passed,,,,PRR,,,,,,,,,,,,,,,,
,,908,PrivateBuySkipped,,,,,,R,,,,,,,,,,,,,,
CompanyOperated,,909,,y,,,,,B&M,,,,,,,,,,,,,,
,,910,TilePlaced,,,,,,M,,,,,,E23 (Boston),61,3,,,,,,
,,911,TokenSkipped,,,,,,M,,,,,,,,,,,,,,
,,912,TrainRan,,80,,,,M,,,,,,,,,4,F24-E23-F20,,,,
,,913,DividendPayed,,80,,,,M,,,,,,,,,,,8,,,
SharePriceMove,,914,,,,,,,M,,,right,71,76,,,,,,,,,
,,915,TrainBought,,340,,,,M,,PRR,,,,,,,4,,,,,
,,916,PrivateBuySkipped,,,,,,M,,,,,,,,,,,,,,
CompanyOperated,,917,,e,,,,,CPR,,,,,,,,,,,,,,
,,918,TilePlaced,,,,,,R,,,,,,C13,9,1,,,,,,
,,919,Passed,,,,CPR,,,,,,,,,,,,,,,,
,,920,TrainRan,,70,,,,R,,,,,,,,,5,A19-B16-C15,,,,
,,921,DividendWithheld,,70,,,,R,,,,,,,,,,,,,,
SharePriceMove,,922,,,,,,,R,,,left,67,65,,,,,,,,,
,,923,Passed,,,,CPR,,,,,,,,,,,,,,,,
,,924,PrivateBuySkipped,,,,,,R,,,,,,,,,,,,,,
CompanyOperated,,925,,y,,,,,ERIE,,,,,,,,,,,,,,
,,926,TilePlaced,,,,,,E,,,,,,G11,43,0,,,,,,
,,927,TokenSkipped,,,,,,E,,,,,,,,,,,,,,
,,928,TrainRan,,90,,,,E,,,,,,,,,5,E11-F10-H10,,,,
,,929,DividendPayed,,90,,,,E,,,,,,,,,,,9,,,
SharePriceMove,,930,,,,,,,E,,,right,66,71,,,,,,,,,
,,931,TrainBuySkipped,,,,,,E,,,,,,,,,,,,,,
,,932,PrivateBuySkipped,,,,,,E,,,,,,,,,,,,,,
CompanyOperated,,933,,n,,,,,NYNH,,,,,,,,,,,,,,
,,934,TilePlaced,,,,,,H,,,,,,G19 (New York & Newark),62,0,,,,,,
,,935,TokenSkipped,,,,,,H,,,,,,,,,,,,,,
,,936,TrainRan,,210,,,,H,,,,,,,,,5,G19-G17-H18-I19-I15,,,,
,,937,DividendPayed,,210,,,,H,,,,,,,,,,,21,,,
SharePriceMove,,938,,,,,,,H,,,right,45,54,,,,,,,,,
,,939,Passed,,,,NYNH,,,,,,,,,,,,,,,,
,,940,PrivateBuySkipped,,,,,,H,,,,,,,,,,,,,,
OperatingRound,,941,,,,,,,,7.2,,,,,,,,,,,,,
CompanyOperated,,942,,y,,,,,C&O,,,,,,,,,,,,,,
,,943,TilePlaced,,,,,,O,,,,,,H8,43,1,,,,,,
,,944,TokenSkipped,,,,,,O,,,,,,,,,,,,,,
,,945,TrainRan,,230,,,,O,,,,,,,,,6,F2-F6-G7-H10-H16-I15,,,,
,,946,DividendPayed,,230,,,,O,,,,,,,,,,,23,,,
SharePriceMove,,947,,,,,,,O,,,right,110,120,,,,,,,,,
,,948,TrainBought,,40,,,,O,,ERIE,,,,,,,4,,,,,
,,949,PrivateBuySkipped,,,,,,O,,,,,,,,,,,,,,
CompanyOperated,,950,,e,,,,,B&O,,,,,,,,,,,,,,
,,951,TilePlaced,,,,,,O,,,,,,H16 (Lancaster),63,0,,,,,,
,,952,Passed,,,,O,,,,,,,,,,,,,,,,
,,953,TrainRan,,180,,,,O,,,,,,,,,4,H18-H16-I15-H10,,,,
,,954,DividendPayed,,180,,,,O,,,,,,,,,,,18,,,
SharePriceMove,,955,,,,,,,O,,,right,110,120,,,,,,,,,
,,956,Passed,,,,O,,,,,,,,,,,,,,,,
,,957,PrivateBuySkipped,,,,,,O,,,,,,,,,,,,,,
CompanyOperated,,958,,n,,,,,NYC,,,,,,,,,,,,,,
,,959,TilePlaced,,,,,,C,,,,,,E19 (Albany),63,0,,,,,,
,,960,TokenSkipped,,,,,,C,,,,,,,,,,,,,,
,,961,TrainRan,,210,,,,C,,,,,,,,,6,E11-D14-E19-F20-G19-G17,,,,
,,962,DividendPayed,,210,,,,C,,,,,,,,,,,21,,,
SharePriceMove,,963,,,,,,,C,,,right,100,110,,,,,,,,,
,,964,Passed,,,,NYC,,,,,,,,,,,,,,,,
,,965,PrivateBuySkipped,,,,,,C,,,,,,,,,,,,,,
CompanyOperated,,966,,y,,,,,B&M,,,,,,,,,,,,,,
,,967,TilePlaced,,,,,,M,,,,,,E21,25,4,,,,,,
,,968,TokenSkipped,,,,,,M,,,,,,,,,,,,,,
,,969,TrainRan,,70,,,,M,,,,,,,,,4,E23-F24,,,,
,,970,TrainRan,,70,,,,M,,,,,,,,,4,E23-F20,,,,
,,971,DividendWithheld,,140,,,,M,,,,,,,,,,,,,,
SharePriceMove,,972,,,,,,,M,,,left,76,71,,,,,,,,,
,,973,TrainBuySkipped,,,,,,M,,,,,,,,,,,,,,
,,974,PrivateBuySkipped,,,,,,M,,,,,,,,,,,,,,
CompanyOperated,,975,,y,,,,,PRR,,,,,,,,,,,,,,
,,976,TilePlaced,,,,,,R,,,,,,H10 (Pittsburgh),63,0,,,,,,
,,977,Passed,,,,PRR,,,,,,,,,,,,,,,,
,,978,TrainSkipped,,,,,,R,,,,,,,,,,,,,,
,,979,RunTrainSkipped,,,,,,R,,,,,,,,,,,,,,
SharePriceMove,,980,,,,,,,R,,,left,75,71,,,,,,,,,
,,981,TrainBought,,122,,,,R,,B&M,,,,,,,4,,,,,
,,982,TrainExchanged,,D,,,,R,,800,,,,,,,,,,,4,D
PhaseChange,D,983,,,,,,,,,,,,,,,,,,,,,
TrainRust,,984,,,,,,,,,,,,,,,,4,,,,,
,,985,PrivateBuySkipped,,,,,,R,,,,,,,,,,,,,,
CompanyOperated,,986,,y,,,,,ERIE,,,,,,,,,,,,,,
,,987,TilePlaced,,,,,,E,,,,,,G9,8,4,,,,,,
,,988,Passed,,,,ERIE,,,,,,,,,,,,,,,,
,,989,TrainRan,,160,,,,E,,,,,,,,,5,E11-F10-H4-F2,,,,
,,990,DividendPayed,,160,,,,E,,,,,,,,,,,16,,,
SharePriceMove,,991,,,,,,,E,,,right,71,76,,,,,,,,,
,,992,Passed,,,,ERIE,,,,,,,,,,,,,,,,
,,993,PrivateBuySkipped,,,,,,E,,,,,,,,,,,,,,
CompanyOperated,,994,,e,,,,,CPR,,,,,,,,,,,,,,
,,995,TilePlaced,,,,,,R,,,,,,C11,8,2,,,,,,
,,996,Passed,,,,CPR,,,,,,,,,,,,,,,,
,,997,TrainRan,,70,,,,R,,,,,,,,,5,A19-B16-C15,,,,
,,998,DividendPayed,,70,,,,R,,,,,,,,,,,7,,,
SharePriceMove,,999,,,,,,,R,,,right,65,67,,,,,,,,,
,,1000,Passed,,,,CPR,,,,,,,,,,,,,,,,
,,1001,PrivateBuySkipped,,,,,,R,,,,,,,,,,,,,,
CompanyOperated,,1002,,n,,,,,NYNH,,,,,,,,,,,,,,
,,1003,TilePlaced,,,,,,H,,,,,,E15,8,1,,,,,,
,,1004,TokenSkipped,,,,,,H,,,,,,,,,,,,,,
,,1005,TrainRan,,210,,,,H,,,,,,,,,5,G19-G17-H18-I19-I15,,,,
,,1006,DividendPayed,,210,,,,H,,,,,,,,,,,21,,,
SharePriceMove,,1007,,,,,,,H,,,right,54,63,,,,,,,,,
,,1008,Passed,,,,NYNH,,,,,,,,,,,,,,,,
,,1009,PrivateBuySkipped,,,,,,H,,,,,,,,,,,,,,
OperatingRound,,1010,,,,,,,,7.3,,,,,,,,,,,,,
CompanyOperated,,1011,,y,,,,,C&O,,,,,,,,,,,,,,
,,1012,TilePlaced,,,,,,O,,,,,,E13,16,0,,,,,,
,,1013,TokenSkipped,,,,,,O,,,,,,,,,,,,,,
,,1014,TrainRan,,250,,,,O,,,,,,,,,6,F2-F6-G7-H10-H16-I15,,,,
,,1015,DividendPayed,,250,,,,O,,,,,,,,,,,25,,,
SharePriceMove,,1016,,,,,,,O,,,right,120,130,,,,,,,,,
,,1017,Passed,,,,O,,,,,,,,,,,,,,,,
,,1018,PrivateBuySkipped,,,,,,O,,,,,,,,,,,,,,
CompanyOperated,,1019,,e,,,,,B&O,,,,,,,,,,,,,,
,,1020,TilePlaced,,,,,,O,,,,,,I17,41,1,,,,,,
,,1021,Passed,,,,O,,,,,,,,,,,,,,,,
,,1022,TrainSkipped,,,,,,O,,,,,,,,,,,,,,
,,1023,RunTrainSkipped,,,,,,O,,,,,,,,,,,,,,
SharePriceMove,,1024,,,,,,,O,,,left,120,110,,,,,,,,,
,,1025,TrainBought,,620,,,,O,,CPR,,,,,,,5,,,,,
,,1026,Passed,,,,O,,,,,,,,,,,,,,,,
,,1027,PrivateBuySkipped,,,,,,O,,,,,,,,,,,,,,
CompanyOperated,,1028,,n,,,,,NYC,,,,,,,,,,,,,,
,,1029,TilePlaced,,,,,,C,,,,,,D12,18,4,,,,,,
,,1030,TokenSkipped,,,,,,C,,,,,,,,,,,,,,
,,1031,TrainRan,,210,,,,C,,,,,,,,,6,E11-D14-E19-F20-G19-G17,,,,
,,1032,DividendPayed,,210,,,,C,,,,,,,,,,,21,,,
SharePriceMove,,1033,,,,,,,C,,,right,110,120,,,,,,,,,
,,1034,Passed,,,,NYC,,,,,,,,,,,,,,,,
,,1035,PrivateBuySkipped,,,,,,C,,,,,,,,,,,,,,
CompanyOperated,,1036,,y,,,,,ERIE,,,,,,,,,,,,,,
,,1037,TilePlaced,,,,,,E,,,,,,F12,19,0,,,,,,
,,1038,TokenPlaced,,,,,,E,,,,,,H4 (Columbus)  for $40,,,,,,,,
,,1039,TrainRan,,160,,,,E,,,,,,,,,5,E11-F10-H4-F2,,,,
,,1040,DividendPayed,,160,,,,E,,,,,,,,,,,16,,,
SharePriceMove,,1041,,,,,,,E,,,right,76,82,,,,,,,,,
,,1042,Passed,,,,ERIE,,,,,,,,,,,,,,,,
,,1043,PrivateBuySkipped,,,,,,E,,,,,,,,,,,,,,
CompanyOperated,,1044,,y,,,,,PRR,,,,,,,,,,,,,,
,,1045,TilePlaced,,,,,,R,,,,,,G5,70,0,,,,,,
,,1046,TokenSkipped,,,,,,R,,,,,,,,,,,,,,
,,1047,TrainRan,,210,,,,R,,,,,,,,,D,F2-H4-H10-H12-I15,,,,
,,1048,DividendPayed,,210,,,,R,,,,,,,,,,,21,,,
SharePriceMove,,1049,,,,,,,R,,,right,71,75,,,,,,,,,
,,1050,Passed,,,,PRR,,,,,,,,,,,,,,,,
,,1051,PrivateBuySkipped,,,,,,R,,,,,,,,,,,,,,
CompanyOperated,,1052,,y,,,,,B&M,,,,,,,,,,,,,,
,,1053,TilePlaced,,,,,,M,,,,,,D20,8,5,,,,,,
,,1054,TokenSkipped,,,,,,M,,,,,,,,,,,,,,
,,1055,TrainSkipped,,,,,,M,,,,,,,,,,,,,,
,,1056,RunTrainSkipped,,,,,,M,,,,,,,,,,,,,,
SharePriceMove,,1057,,,,,,,M,,,left,71,67,,,,,,,,,
,,1058,SharesSold,y,130,,,,C&O,,,,,,,,,,,,1,,
,,1059,SharesSold,y,67,,,,CPR,,,,,,,,,,,,1,,
SharePriceMove,,1060,,,,,,,R,,,down,67,67,,,,,,,,,
,,1061,SharesSold,y,82,,,,ERIE,,,,,,,,,,,,1,,
SharePriceMove,,1062,,,,,,,E,,,down,82,76,,,,,,,,,
,,1063,SharesSold,y,63,,,,NYNH,,,,,,,,,,,,1,,
SharePriceMove,,1064,,,,,,,H,,,down,63,60,,,,,,,,,
,,1065,SharesSold,y,201,,,,B&M,,,,,,,,,,,,3,,
SharePriceMove,,1066,,,,,,,M,,,down,67,60,,,,,,,,,
,,1067,TrainBuyContributed,y,838,,,,,,,,,,,,,,,,,,
,,1068,TrainBought,,1100,,,,M,,The Depot,,,,,,,D,,,,,
,,1069,PrivateBuySkipped,,,,,,M,,,,,,,,,,,,,,
CompanyOperated,,1070,,e,,,,,CPR,,,,,,,,,,,,,,
,,1071,TilePlaced,,,,,,R,,,,,,B10 (Barrie),57,2,,,,,,
,,1072,Passed,,,,CPR,,,,,,,,,,,,,,,,
,,1073,TrainSkipped,,,,,,R,,,,,,,,,,,,,,
,,1074,RunTrainSkipped,,,,,,R,,,,,,,,,,,,,,
SharePriceMove,,1075,,,,,,,R,,,left,67,63,,,,,,,,,
,,1076,TrainBuyContributed,e,283,,,,,,,,,,,,,,,,,,
,,1077,TrainBought,,1100,,,,R,,The Depot,,,,,,,D,,,,,
,,1078,PrivateBuySkipped,,,,,,R,,,,,,,,,,,,,,
CompanyOperated,,1079,,n,,,,,NYNH,,,,,,,,,,,,,,
,,1080,TilePlaced,,,,,,H,,,,,,E15,23,3,,,,,,
,,1081,TokenSkipped,,,,,,H,,,,,,,,,,,,,,
,,1082,TrainRan,,210,,,,H,,,,,,,,,5,G19-G17-H18-I19-I15,,,,
,,1083,DividendWithheld,,210,,,,H,,,,,,,,,,,,,,
SharePriceMove,,1084,,,,,,,H,,,left,60,50,,,,,,,,,
,,1085,Passed,,,,NYNH,,,,,,,,,,,,,,,,
,,1086,PrivateBuySkipped,,,,,,H,,,,,,,,,,,,,,
StockRound,,1087,,,,,,,,8,,,,,,,,,,,,,
,,1088,ShareBought,y,50,,,10,NYNH,,market,,,,,,,,,,,,
,,1089,SellSharesSkipped,y,,,,,,,,,,,,,,,,,,,
,,1090,ShareBought,e,130,,,10,C&O,,market,,,,,,,,,,,,
,,1091,SellSharesSkipped,e,,,,,,,,,,,,,,,,,,,
,,1092,Passed,,,,JibJibMonkey,,,,,,,,,,,,,,,,
,,1093,ShareBought,n,60,,,10,B&M,,market,,,,,,,,,,,,
,,1094,SellSharesSkipped,n,,,,,,,,,,,,,,,,,,,
,,1095,ShareBought,y,110,,,10,B&O,,market,,,,,,,,,,,,
,,1096,SellSharesSkipped,y,,,,,,,,,,,,,,,,,,,
,,1097,ShareBought,e,60,,,10,B&M,,market,,,,,,,,,,,,
,,1098,SellSharesSkipped,e,,,,,,,,,,,,,,,,,,,
,,1099,Passed,,,,JibJibMonkey,,,,,,,,,,,,,,,,
,,1100,ShareBought,n,60,,,10,B&M,,market,,,,,,,,,,,,
,,1101,SellSharesSkipped,n,,,,,,,,,,,,,,,,,,,
,,1102,ShareBought,y,75,,,10,PRR,,market,,,,,,,,,,,,
,,1103,SellSharesSkipped,y,,,,,,,,,,,,,,,,,,,
,,1104,ShareBought,e,76,,,10,ERIE,,market,,,,,,,,,,,,
,,1105,SellSharesSkipped,e,,,,,,,,,,,,,,,,,,,
,,1106,SharesSold,y,75,,,,PRR,,,,,,,,,,,,1,,
SharePriceMove,,1107,,,,,,,R,,,down,75,70,,,,,,,,,
,,1108,ShareBought,y,76,,,10,B&M,,IPO,,,,,,,,,,,,
,,1109,ShareBought,n,70,,,10,PRR,,market,,,,,,,,,,,,
,,1110,SellSharesSkipped,n,,,,,,,,,,,,,,,,,,,
,,1111,Passed,,,,JuicyBerry,,,,,,,,,,,,,,,,
,,1112,Passed,,,,KingZombie,,,,,,,,,,,,,,,,
,,1113,Passed,,,,JibJibMonkey,,,,,,,,,,,,,,,,
,,1114,ShareBought,n,130,,,10,C&O,,market,,,,,,,,,,,,
,,1115,SellSharesSkipped,n,,,,,,,,,,,,,,,,,,,
,,1116,Passed,,,,JuicyBerry,,,,,,,,,,,,,,,,
,,1117,Passed,,,,KingZombie,,,,,,,,,,,,,,,,
,,1118,Passed,,,,JibJibMonkey,,,,,,,,,,,,,,,,
,,1119,Passed,,,,leesin,,,,,,,,,,,,,,,,
SharePriceMove,,1120,,,,,,,O,,,up,130,155,,,,,,,,,
SharePriceMove,,1121,,,,,,,C,,,up,120,140,,,,,,,,,
SharePriceMove,,1122,,,,,,,E,,,up,76,82,,,,,,,,,
SharePriceMove,,1123,,,,,,,R,,,up,70,75,,,,,,,,,
SharePriceMove,,1124,,,,,,,M,,,up,60,63,,,,,,,,,
SharePriceMove,,1125,,,,,,,H,,,up,50,54,,,,,,,,,
PriorityDeal,,1126,,JuicyBerry,,,,,,,,,,,,,,,,,,,
OperatingRound,,1127,,,,,,,,8.1,,,,,,,,,,,,,
CompanyOperated,,1128,,y,,,,,C&O,,,,,,,,,,,,,,
,,1129,TilePlaced,,,,,,O,,,,,,F12,46,0,,,,,,
,,1130,TokenSkipped,,,,,,O,,,,,,,,,,,,,,
,,1131,TrainRan,,250,,,,O,,,,,,,,,6,G19-G17-H18-I19-H16-I15,,,,
,,1132,DividendPayed,,250,,,,O,,,,,,,,,,,25,,,
SharePriceMove,,1133,,,,,,,O,,,right,155,170,,,,,,,,,
,,1134,Passed,,,,O,,,,,,,,,,,,,,,,
,,1135,PrivateBuySkipped,,,,,,O,,,,,,,,,,,,,,
CompanyOperated,,1136,,n,,,,,NYC,,,,,,,,,,,,,,
,,1137,TilePlaced,,,,,,C,,,,,,F14,8,1,,,,,,
,,1138,TokenSkipped,,,,,,C,,,,,,,,,,,,,,
,,1139,TrainRan,,240,,,,C,,,,,,,,,6,H18-G17-G19-F20-E19-E11,,,,
,,1140,DividendPayed,,240,,,,C,,,,,,,,,,,24,,,
SharePriceMove,,1141,,,,,,,C,,,right,140,155,,,,,,,,,
,,1142,Passed,,,,NYC,,,,,,,,,,,,,,,,
,,1143,PrivateBuySkipped,,,,,,C,,,,,,,,,,,,,,
CompanyOperated,,1144,,e,,,,,B&O,,,,,,,,,,,,,,
,,1145,TilePlaced,,,,,,O,,,,,,I13,9,1,,,,,,
,,1146,TokenSkipped,,,,,,O,,,,,,,,,,,,,,
,,1147,TrainRan,,220,,,,O,,,,,,,,,5,K13-J14-I15-H16-H18,,,,
,,1148,DividendPayed,,220,,,,O,,,,,,,,,,,22,,,
SharePriceMove,,1149,,,,,,,O,,,right,110,120,,,,,,,,,
,,1150,TrainBought,,22,,,,O,,CPR,,,,,,,D,,,,,
,,1151,PrivateBuySkipped,,,,,,O,,,,,,,,,,,,,,
CompanyOperated,,1152,,y,,,,,ERIE,,,,,,,,,,,,,,
,,1153,TilePlaced,,,,,,E,,,,,,D18,23,1,,,,,,
,,1154,TokenSkipped,,,,,,E,,,,,,,,,,,,,,
,,1155,TrainRan,,220,,,,E,,,,,,,,,5,F2-H4-F10-E11-E23,,,,
,,1156,DividendPayed,,220,,,,E,,,,,,,,,,,22,,,
SharePriceMove,,1157,,,,,,,E,,,right,82,90,,,,,,,,,
,,1158,Passed,,,,ERIE,,,,,,,,,,,,,,,,
,,1159,PrivateBuySkipped,,,,,,E,,,,,,,,,,,,,,
CompanyOperated,,1160,,y,,,,,PRR,,,,,,,,,,,,,,
,,1161,TilePlaced,,,,,,R,,,,,,H6,20,0,,,,,,
,,1162,TokenSkipped,,,,,,R,,,,,,,,,,,,,,
,,1163,TrainRan,,210,,,,R,,,,,,,,,D,F2-H4-H10-H12-I15,,,,
,,1164,DividendPayed,,210,,,,R,,,,,,,,,,,21,,,
SharePriceMove,,1165,,,,,,,R,,,right,75,80,,,,,,,,,
,,1166,Passed,,,,PRR,,,,,,,,,,,,,,,,
,,1167,PrivateBuySkipped,,,,,,R,,,,,,,,,,,,,,
CompanyOperated,,1168,,e,,,,,CPR,,,,,,,,,,,,,,
,,1169,TilePlaced,,,,,,R,,,,,,B10 (Barrie),14,2,,,,,,
,,1170,TokenSkipped,,,,,,R,,,,,,,,,,,,,,
,,1171,TrainSkipped,,,,,,R,,,,,,,,,,,,,,
,,1172,RunTrainSkipped,,,,,,R,,,,,,,,,,,,,,
SharePriceMove,,1173,,,,,,,R,,,left,63,54,,,,,,,,,
,,1174,TrainBought,,20,,,,R,,B&O,,,,,,,5,,,,,
,,1175,Passed,,,,CPR,,,,,,,,,,,,,,,,
,,1176,PrivateBuySkipped,,,,,,R,,,,,,,,,,,,,,
CompanyOperated,,1177,,y,,,,,B&M,,,,,,,,,,,,,,
,,1178,TilePlaced,,,,,,M,,,,,,D20,24,5,,,,,,
,,1179,TokenSkipped,,,,,,M,,,,,,,,,,,,,,
,,1180,TrainRan,,120,,,,M,,,,,,,,,D,E11-E23-F24,,,,
,,1181,DividendPayed,,120,,,,M,,,,,,,,,,,12,,,
SharePriceMove,,1182,,,,,,,M,,,right,63,67,,,,,,,,,
,,1183,TrainBuySkipped,,,,,,M,,,,,,,,,,,,,,
,,1184,PrivateBuySkipped,,,,,,M,,,,,,,,,,,,,,
CompanyOperated,,1185,,n,,,,,NYNH,,,,,,,,,,,,,,
,,1186,TilePlaced,,,,,,H,,,,,,F18,42,0,,,,,,
,,1187,TokenSkipped,,,,,,H,,,,,,,,,,,,,,
,,1188,TrainRan,,210,,,,H,,,,,,,,,5,G19-G17-H18-I19-I15,,,,
,,1189,DividendPayed,,210,,,,H,,,,,,,,,,,21,,,
SharePriceMove,,1190,,,,,,,H,,,right,54,63,,,,,,,,,
,,1191,Passed,,,,NYNH,,,,,,,,,,,,,,,,
,,1192,PrivateBuySkipped,,,,,,H,,,,,,,,,,,,,,
OperatingRound,,1193,,,,,,,,8.2,,,,,,,,,,,,,
CompanyOperated,,1194,,y,,,,,C&O,,,,,,,,,,,,,,
,,1195,TilePlaced,,,,,,O,,,,,,G9,28,0,,,,,,
,,1196,TokenSkipped,,,,,,O,,,,,,,,,,,,,,
,,1197,TrainRan,,250,,,,O,,,,,,,,,6,G19-G17-H18-I19-H16-I15,,,,
,,1198,DividendPayed,,250,,,,O,,,,,,,,,,,25,,,
SharePriceMove,,1199,,,,,,,O,,,right,170,185,,,,,,,,,
,,1200,Passed,,,,O,,,,,,,,,,,,,,,,
,,1201,PrivateBuySkipped,,,,,,O,,,,,,,,,,,,,,
CompanyOperated,,1202,,n,,,,,NYC,,,,,,,,,,,,,,
,,1203,TilePlaced,,,,,,C,,,,,,D20,42,2,,,,,,
,,1204,TokenSkipped,,,,,,C,,,,,,,,,,,,,,
,,1205,TrainRan,,240,,,,C,,,,,,,,,6,H18-G17-G19-F20-E19-E11,,,,
,,1206,DividendPayed,,240,,,,C,,,,,,,,,,,24,,,
SharePriceMove,,1207,,,,,,,C,,,right,155,170,,,,,,,,,
,,1208,Passed,,,,NYC,,,,,,,,,,,,,,,,
,,1209,PrivateBuySkipped,,,,,,C,,,,,,,,,,,,,,
CompanyOperated,,1210,,e,,,,,B&O,,,,,,,,,,,,,,
,,1211,TilePlaced,,,,,,O,,,,,,I13,23,1,,,,,,
,,1212,TokenSkipped,,,,,,O,,,,,,,,,,,,,,
,,1213,TrainRan,,370,,,,O,,,,,,,,,D,K13-J14-I15-H16-I19-H18-G17-G19-F20-E19,,,,
,,1214,DividendPayed,,370,,,,O,,,,,,,,,,,37,,,
SharePriceMove,,1215,,,,,,,O,,,right,120,130,,,,,,,,,
,,1216,Passed,,,,O,,,,,,,,,,,,,,,,
,,1217,PrivateBuySkipped,,,,,,O,,,,,,,,,,,,,,
CompanyOperated,,1218,,y,,,,,ERIE,,,,,,,,,,,,,,
,,1219,TilePlaced,,,,,,E,,,,,,G9,39,4,,,,,,
,,1220,TokenSkipped,,,,,,E,,,,,,,,,,,,,,
,,1221,TrainRan,,220,,,,E,,,,,,,,,5,F2-H4-F10-E11-E23,,,,
,,1222,DividendPayed,,220,,,,E,,,,,,,,,,,22,,,
SharePriceMove,,1223,,,,,,,E,,,right,90,100,,,,,,,,,
,,1224,Passed,,,,ERIE,,,,,,,,,,,,,,,,
,,1225,PrivateBuySkipped,,,,,,E,,,,,,,,,,,,,,
CompanyOperated,,1226,,y,,,,,PRR,,,,,,,,,,,,,,
,,1227,TilePlaced,,,,,,R,,,,,,I3,8,0,,,,,,
,,1228,TokenSkipped,,,,,,R,,,,,,,,,,,,,,
,,1229,TrainRan,,210,,,,R,,,,,,,,,D,F2-H4-H10-H12-I15,,,,
,,1230,DividendPayed,,210,,,,R,,,,,,,,,,,21,,,
SharePriceMove,,1231,,,,,,,R,,,up,80,90,,,,,,,,,
,,1232,Passed,,,,PRR,,,,,,,,,,,,,,,,
,,1233,PrivateBuySkipped,,,,,,R,,,,,,,,,,,,,,
CompanyOperated,,1234,,y,,,,,B&M,,,,,,,,,,,,,,
,,1235,TilePlaced,,,,,,M,,,,,,D18,47,1,,,,,,
,,1236,TokenSkipped,,,,,,M,,,,,,,,,,,,,,
,,1237,TrainRan,,120,,,,M,,,,,,,,,D,E11-E23-F24,,,,
,,1238,DividendPayed,,120,,,,M,,,,,,,,,,,12,,,
SharePriceMove,,1239,,,,,,,M,,,right,67,69,,,,,,,,,
,,1240,TrainBuySkipped,,,,,,M,,,,,,,,,,,,,,
,,1241,PrivateBuySkipped,,,,,,M,,,,,,,,,,,,,,
CompanyOperated,,1242,,n,,,,,NYNH,,,,,,,,,,,,,,
,,1243,TilePlaced,,,,,,H,,,,,,F14,19,5,,,,,,
,,1244,TokenSkipped,,,,,,H,,,,,,,,,,,,,,
,,1245,TrainRan,,210,,,,H,,,,,,,,,5,G19-G17-H18-I19-I15,,,,
,,1246,DividendWithheld,,210,,,,H,,,,,,,,,,,,,,
SharePriceMove,,1247,,,,,,,H,,,left,63,54,,,,,,,,,
,,1248,Passed,,,,NYNH,,,,,,,,,,,,,,,,
,,1249,PrivateBuySkipped,,,,,,H,,,,,,,,,,,,,,
CompanyOperated,,1250,,e,,,,,CPR,,,,,,,,,,,,,,
,,1251,TilePlaced,,,,,,R,,,,,,C9,8,3,,,,,,
,,1252,TokenSkipped,,,,,,R,,,,,,,,,,,,,,
,,1253,TrainRan,,150,,,,R,,,,,,,,,5,A19-B16-C15-B10-A11,,,,
,,1254,DividendPayed,,150,,,,R,,,,,,,,,,,15,,,
SharePriceMove,,1255,,,,,,,R,,,right,54,63,,,,,,,,,
,,1256,Passed,,,,CPR,,,,,,,,,,,,,,,,
,,1257,PrivateBuySkipped,,,,,,R,,,,,,,,,,,,,,
OperatingRound,,1258,,,,,,,,8.3,,,,,,,,,,,,,
CompanyOperated,,1259,,y,,,,,C&O,,,,,,,,,,,,,,
,,1260,Passed,,,,O,,,,,,,,,,,,,,,,
,,1261,TokenSkipped,,,,,,O,,,,,,,,,,,,,,
,,1262,TrainRan,,250,,,,O,,,,,,,,,6,G19-G17-H18-I19-H16-I15,,,,
,,1263,DividendPayed,,250,,,,O,,,,,,,,,,,25,,,
SharePriceMove,,1264,,,,,,,O,,,right,185,200,,,,,,,,,
,,1265,Passed,,,,O,,,,,,,,,,,,,,,,
,,1266,PrivateBuySkipped,,,,,,O,,,,,,,,,,,,,,
CompanyOperated,,1267,,n,,,,,NYC,,,,,,,,,,,,,,
,,1268,TilePlaced,,,,,,C,,,,,,F14,45,5,,,,,,
,,1269,TokenSkipped,,,,,,C,,,,,,,,,,,,,,
,,1270,TrainRan,,240,,,,C,,,,,,,,,6,H18-G17-G19-F20-E19-E11,,,,
,,1271,DividendPayed,,240,,,,C,,,,,,,,,,,24,,,
SharePriceMove,,1272,,,,,,,C,,,right,170,185,,,,,,,,,
,,1273,Passed,,,,NYC,,,,,,,,,,,,,,,,
,,1274,PrivateBuySkipped,,,,,,C,,,,,,,,,,,,,,
CompanyOperated,,1275,,e,,,,,B&O,,,,,,,,,,,,,,
,,1276,Passed,,,,O,,,,,,,,,,,,,,,,
,,1277,TokenSkipped,,,,,,O,,,,,,,,,,,,,,
,,1278,TrainRan,,370,,,,O,,,,,,,,,D,K13-J14-I15-H16-I19-H18-G17-G19-F20-E19,,,,
,,1279,DividendPayed,,370,,,,O,,,,,,,,,,,37,,,
SharePriceMove,,1280,,,,,,,O,,,up,130,155,,,,,,,,,
,,1281,Passed,,,,O,,,,,,,,,,,,,,,,
,,1282,PrivateBuySkipped,,,,,,O,,,,,,,,,,,,,,
CompanyOperated,,1283,,y,,,,,ERIE,,,,,,,,,,,,,,
,,1284,Passed,,,,ERIE,,,,,,,,,,,,,,,,
,,1285,TokenSkipped,,,,,,E,,,,,,,,,,,,,,
,,1286,TrainRan,,220,,,,E,,,,,,,,,5,F2-H4-F10-E11-E23,,,,
,,1287,DividendPayed,,220,,,,E,,,,,,,,,,,22,,,
SharePriceMove,,1288,,,,,,,E,,,right,100,110,,,,,,,,,
,,1289,Passed,,,,ERIE,,,,,,,,,,,,,,,,
,,1290,PrivateBuySkipped,,,,,,E,,,,,,,,,,,,,,
CompanyOperated,,1291,,y,,,,,PRR,,,,,,,,,,,,,,
,,1292,TilePlaced,,,,,,R,,,,,,H6,44,0,,,,,,
,,1293,TokenSkipped,,,,,,R,,,,,,,,,,,,,,
,,1294,TrainRan,,210,,,,R,,,,,,,,,D,F2-H4-H10-H12-I15,,,,
,,1295,DividendPayed,,210,,,,R,,,,,,,,,,,21,,,
SharePriceMove,,1296,,,,,,,R,,,right,90,100,,,,,,,,,
,,1297,Passed,,,,PRR,,,,,,,,,,,,,,,,
,,1298,PrivateBuySkipped,,,,,,R,,,,,,,,,,,,,,
CompanyOperated,,1299,,y,,,,,B&M,,,,,,,,,,,,,,
,,1300,TilePlaced,,,,,,M,,,,,,E21,40,0,,,,,,
,,1301,TokenSkipped,,,,,,M,,,,,,,,,,,,,,
,,1302,TrainRan,,120,,,,M,,,,,,,,,D,E11-E23-F24,,,,
,,1303,DividendPayed,,120,,,,M,,,,,,,,,,,12,,,
SharePriceMove,,1304,,,,,,,M,,,right,69,70,,,,,,,,,
,,1305,TrainBuySkipped,,,,,,M,,,,,,,,,,,,,,
,,1306,PrivateBuySkipped,,,,,,M,,,,,,,,,,,,,,
CompanyOperated,,1307,,e,,,,,CPR,,,,,,,,,,,,,,
,,1308,Passed,,,,CPR,,,,,,,,,,,,,,,,
,,1309,TokenSkipped,,,,,,R,,,,,,,,,,,,,,
,,1310,TrainRan,,150,,,,R,,,,,,,,,5,A19-B16-C15-B10-A11,,,,
,,1311,DividendWithheld,,150,,,,R,,,,,,,,,,,,,,
SharePriceMove,,1312,,,,,,,R,,,left,63,54,,,,,,,,,
,,1313,Passed,,,,CPR,,,,,,,,,,,,,,,,
,,1314,PrivateBuySkipped,,,,,,R,,,,,,,,,,,,,,
CompanyOperated,,1315,,n,,,,,NYNH,,,,,,,,,,,,,,
,,1316,TilePlaced,,,,,,H,,,,,,E15,45,3,,,,,,
,,1317,TokenSkipped,,,,,,H,,,,,,,,,,,,,,
,,1318,TrainRan,,210,,,,H,,,,,,,,,5,G19-G17-H18-I19-I15,,,,
,,1319,DividendWithheld,,210,,,,H,,,,,,,,,,,,,,
SharePriceMove,,1320,,,,,,,H,,,left,54,45,,,,,,,,,
,,1321,Passed,,,,NYNH,,,,,,,,,,,,,,,,
,,1322,PrivateBuySkipped,,,,,,H,,,,,,,,,,,,,,
StockRound,,1323,,,,,,,,9,,,,,,,,,,,,,
,,1324,Passed,,,,JuicyBerry,,,,,,,,,,,,,,,,
,,1325,ShareBought,e,155,,,10,B&O,,market,,,,,,,,,,,,
,,1326,SellSharesSkipped,e,,,,,,,,,,,,,,,,,,,
,,1327,ShareBought,y,54,,,10,CPR,,market,,,,,,,,,,,,
,,1328,SellSharesSkipped,y,,,,,,,,,,,,,,,,,,,
,,1329,SharesSold,n,140,,,,B&M,,,,,,,,,,,,2,,
,,1330,ShareBought,n,90,,,10,CPR,,IPO,,,,,,,,,,,,
,,1331,Passed,,,,JuicyBerry,,,,,,,,,,,,,,,,
,,1332,ShareBought,e,70,,,10,B&M,,market,,,,,,,,,,,,
,,1333,SellSharesSkipped,e,,,,,,,,,,,,,,,,,,,
,,1334,ShareBought,y,70,,,10,B&M,,market,,,,,,,,,,,,
,,1335,SellSharesSkipped,y,,,,,,,,,,,,,,,,,,,
,,1336,Passed,,,,leesin,,,,,,,,,,,,,,,,
,,1337,Passed,,,,JuicyBerry,,,,,,,,,,,,,,,,
,,1338,Passed,,,,KingZombie,,,,,,,,,,,,,,,,
,,1339,Passed,,,,JibJibMonkey,,,,,,,,,,,,,,,,
SharePriceMove,,1340,,,,,,,O,,,up,200,240,,,,,,,,,
SharePriceMove,,1341,,,,,,,C,,,up,185,220,,,,,,,,,
SharePriceMove,,1342,,,,,,,O,,,up,155,180,,,,,,,,,
SharePriceMove,,1343,,,,,,,E,,,up,110,125,,,,,,,,,
SharePriceMove,,1344,,,,,,,R,,,up,100,110,,,,,,,,,
SharePriceMove,,1345,,,,,,,M,,,up,70,75,,,,,,,,,
SharePriceMove,,1346,,,,,,,R,,,up,54,58,,,,,,,,,
SharePriceMove,,1347,,,,,,,H,,,up,45,50,,,,,,,,,
PriorityDeal,,1348,,leesin,,,,,,,,,,,,,,,,,,,
OperatingRound,,1349,,,,,,,,9.1,,,,,,,,,,,,,
CompanyOperated,,1350,,y,,,,,C&O,,,,,,,,,,,,,,
,,1351,Passed,,,,O,,,,,,,,,,,,,,,,
,,1352,TokenSkipped,,,,,,O,,,,,,,,,,,,,,
,,1353,TrainRan,,250,,,,O,,,,,,,,,6,G19-G17-H18-I19-H16-I15,,,,
,,1354,DividendPayed,,250,,,,O,,,,,,,,,,,25,,,
SharePriceMove,,1355,,,,,,,O,,,right,240,260,,,,,,,,,
,,1356,Passed,,,,O,,,,,,,,,,,,,,,,
,,1357,PrivateBuySkipped,,,,,,O,,,,,,,,,,,,,,
CompanyOperated,,1358,,n,,,,,NYC,,,,,,,,,,,,,,
,,1359,Passed,,,,NYC,,,,,,,,,,,,,,,,
,,1360,TokenSkipped,,,,,,C,,,,,,,,,,,,,,
,,1361,TrainRan,,240,,,,C,,,,,,,,,6,H18-G17-G19-F20-E19-E11,,,,
,,1362,DividendPayed,,240,,,,C,,,,,,,,,,,24,,,
SharePriceMove,,1363,,,,,,,C,,,right,220,240,,,,,,,,,
,,1364,Passed,,,,NYC,,,,,,,,,,,,,,,,
,,1365,PrivateBuySkipped,,,,,,C,,,,,,,,,,,,,,
CompanyOperated,,1366,,e,,,,,B&O,,,,,,,,,,,,,,
,,1367,Passed,,,,O,,,,,,,,,,,,,,,,
,,1368,TokenSkipped,,,,,,O,,,,,,,,,,,,,,
,,1369,TrainRan,,370,,,,O,,,,,,,,,D,K13-J14-I15-H16-I19-H18-G17-G19-F20-E19,,,,
,,1370,DividendPayed,,370,,,,O,,,,,,,,,,,37,,,
SharePriceMove,,1371,,,,,,,O,,,right,180,200,,,,,,,,,
,,1372,Passed,,,,O,,,,,,,,,,,,,,,,
,,1373,PrivateBuySkipped,,,,,,O,,,,,,,,,,,,,,
CompanyOperated,,1374,,y,,,,,ERIE,,,,,,,,,,,,,,
,,1375,Passed,,,,ERIE,,,,,,,,,,,,,,,,
,,1376,TokenSkipped,,,,,,E,,,,,,,,,,,,,,
,,1377,TrainRan,,220,,,,E,,,,,,,,,5,F2-H4-F10-E11-E23,,,,
,,1378,DividendPayed,,220,,,,E,,,,,,,,,,,22,,,
SharePriceMove,,1379,,,,,,,E,,,right,125,140,,,,,,,,,
,,1380,Passed,,,,ERIE,,,,,,,,,,,,,,,,
,,1381,PrivateBuySkipped,,,,,,E,,,,,,,,,,,,,,
CompanyOperated,,1382,,y,,,,,PRR,,,,,,,,,,,,,,
,,1383,TilePlaced,,,,,,R,,,,,,I9,8,1,,,,,,
,,1384,TokenSkipped,,,,,,R,,,,,,,,,,,,,,
,,1385,TrainRan,,210,,,,R,,,,,,,,,D,F2-H4-H10-H12-I15,,,,
,,1386,DividendPayed,,210,,,,R,,,,,,,,,,,21,,,
SharePriceMove,,1387,,,,,,,R,,,right,110,120,,,,,,,,,
,,1388,Passed,,,,PRR,,,,,,,,,,,,,,,,
,,1389,PrivateBuySkipped,,,,,,R,,,,,,,,,,,,,,
CompanyOperated,,1390,,y,,,,,B&M,,,,,,,,,,,,,,
,,1391,Passed,,,,M,,,,,,,,,,,,,,,,
,,1392,TokenSkipped,,,,,,M,,,,,,,,,,,,,,
,,1393,TrainRan,,120,,,,M,,,,,,,,,D,E11-E23-F24,,,,
,,1394,DividendPayed,,120,,,,M,,,,,,,,,,,12,,,
SharePriceMove,,1395,,,,,,,M,,,right,75,80,,,,,,,,,
,,1396,TrainBuySkipped,,,,,,M,,,,,,,,,,,,,,
,,1397,PrivateBuySkipped,,,,,,M,,,,,,,,,,,,,,
CompanyOperated,,1398,,e,,,,,CPR,,,,,,,,,,,,,,
,,1399,TilePlaced,,,,,,d,,,,,,D10 (Hamilton & Toronto),59,0,,,,,,
,,1400,TokenPlaced,,,,,,R,,,,,,B10 (Barrie)  for $40,,,,,,,,
,,1401,TrainRan,,150,,,,R,,,,,,,,,5,A19-B16-C15-B10-A11,,,,
,,1402,DividendPayed,,150,,,,R,,,,,,,,,,,15,,,
SharePriceMove,,1403,,,,,,,R,,,right,58,65,,,,,,,,,
,,1404,Passed,,,,CPR,,,,,,,,,,,,,,,,
,,1405,PrivateBuySkipped,,,,,,R,,,,,,,,,,,,,,
CompanyOperated,,1406,,n,,,,,NYNH,,,,,,,,,,,,,,
,,1407,TilePlaced,,,,,,d,,,,,,G15,8,2,,,,,,
,,1408,TokenSkipped,,,,,,H,,,,,,,,,,,,,,
,,1409,TrainRan,,220,,,,H,,,,,,,,,5,G19-G17-E19-G19-F20,,,,
,,1410,DividendWithheld,,220,,,,H,,,,,,,,,,,,,,
SharePriceMove,,1411,,,,,,,H,,,left,50,42,,,,,,,,,
,,1412,TrainExchanged,,D,,,,H,,800,,,,,,,,,,,5,D
,,1413,Passed,,,,NYNH,,,,,,,,,,,,,,,,
,,1414,PrivateBuySkipped,,,,,,H,,,,,,,,,,,,,,
OperatingRound,,1415,,,,,,,,9.2,,,,,,,,,,,,,
CompanyOperated,,1416,,y,,,,,C&O,,,,,,,,,,,,,,
,,1417,Passed,,,,O,,,,,,,,,,,,,,,,
,,1418,TokenSkipped,,,,,,O,,,,,,,,,,,,,,
,,1419,TrainRan,,250,,,,O,,,,,,,,,6,G19-G17-H18-I19-H16-I15,,,,
,,1420,DividendPayed,,250,,,,O,,,,,,,,,,,25,,,
SharePriceMove,,1421,,,,,,,O,,,right,260,280,,,,,,,,,
,,1422,Passed,,,,O,,,,,,,,,,,,,,,,
,,1423,PrivateBuySkipped,,,,,,O,,,,,,,,,,,,,,
CompanyOperated,,1424,,n,,,,,NYC,,,,,,,,,,,,,,
,,1425,TilePlaced,,,,,,C,,,,,,G15,28,4,,,,,,
,,1426,TokenSkipped,,,,,,C,,,,,,,,,,,,,,
,,1427,TrainRan,,240,,,,C,,,,,,,,,6,H18-G17-G19-F20-E19-E11,,,,
,,1428,DividendPayed,,240,,,,C,,,,,,,,,,,24,,,
SharePriceMove,,1429,,,,,,,C,,,right,240,260,,,,,,,,,
,,1430,Passed,,,,NYC,,,,,,,,,,,,,,,,
,,1431,PrivateBuySkipped,,,,,,C,,,,,,,,,,,,,,
CompanyOperated,,1432,,e,,,,,B&O,,,,,,,,,,,,,,
,,1433,Passed,,,,O,,,,,,,,,,,,,,,,
,,1434,TokenSkipped,,,,,,O,,,,,,,,,,,,,,
,,1435,TrainRan,,370,,,,O,,,,,,,,,D,K13-J14-I15-H16-I19-H18-G17-G19-F20-E19,,,,
,,1436,DividendPayed,,370,,,,O,,,,,,,,,,,37,,,
SharePriceMove,,1437,,,,,,,O,,,right,200,220,,,,,,,,,
,,1438,Passed,,,,O,,,,,,,,,,,,,,,,
,,1439,PrivateBuySkipped,,,,,,O,,,,,,,,,,,,,,
CompanyOperated,,1440,,y,,,,,ERIE,,,,,,,,,,,,,,
,,1441,Passed,,,,ERIE,,,,,,,,,,,,,,,,
,,1442,TokenSkipped,,,,,,E,,,,,,,,,,,,,,
,,1443,TrainRan,,220,,,,E,,,,,,,,,5,F2-H4-F10-E11-E23,,,,
,,1444,DividendPayed,,220,,,,E,,,,,,,,,,,22,,,
SharePriceMove,,1445,,,,,,,E,,,right,140,155,,,,,,,,,
,,1446,Passed,,,,ERIE,,,,,,,,,,,,,,,,
,,1447,PrivateBuySkipped,,,,,,E,,,,,,,,,,,,,,
CompanyOperated,,1448,,y,,,,,PRR,,,,,,,,,,,,,,
,,1449,TilePlaced,,,,,,R,,,,,,I7,9,1,,,,,,
,,1450,TokenSkipped,,,,,,R,,,,,,,,,,,,,,
,,1451,TrainRan,,210,,,,R,,,,,,,,,D,F2-H4-H10-H12-I15,,,,
,,1452,DividendPayed,,210,,,,R,,,,,,,,,,,21,,,
SharePriceMove,,1453,,,,,,,R,,,right,120,130,,,,,,,,,
,,1454,Passed,,,,PRR,,,,,,,,,,,,,,,,
,,1455,PrivateBuySkipped,,,,,,R,,,,,,,,,,,,,,
CompanyOperated,,1456,,y,,,,,B&M,,,,,,,,,,,,,,
,,1457,Passed,,,,M,,,,,,,,,,,,,,,,
,,1458,TokenSkipped,,,,,,M,,,,,,,,,,,,,,
,,1459,TrainRan,,160,,,,M,,,,,,,,,D,G19-G17-E23-F24,,,,
,,1460,DividendPayed,,160,,,,M,,,,,,,,,,,16,,,
SharePriceMove,,1461,,,,,,,M,,,up,80,90,,,,,,,,,
,,1462,TrainBuySkipped,,,,,,M,,,,,,,,,,,,,,
,,1463,PrivateBuySkipped,,,,,,M,,,,,,,,,,,,,,
CompanyOperated,,1464,,e,,,,,CPR,,,,,,,,,,,,,,
,,1465,TilePlaced,,,,,,R,,,,,,D10 (Hamilton & Toronto),67,2,,,,,,
,,1466,TokenSkipped,,,,,,R,,,,,,,,,,,,,,
,,1467,TrainRan,,200,,,,R,,,,,,,,,5,A11-B10-D10-E11-D14,,,,
,,1468,DividendWithheld,,200,,,,R,,,,,,,,,,,,,,
SharePriceMove,,1469,,,,,,,R,,,left,65,58,,,,,,,,,
,,1470,Passed,,,,CPR,,,,,,,,,,,,,,,,
,,1471,PrivateBuySkipped,,,,,,R,,,,,,,,,,,,,,
CompanyOperated,,1472,,n,,,,,NYNH,,,,,,,,,,,,,,
,,1473,TilePlaced,,,,,,H,,,,,,G15,46,0,,,,,,
,,1474,TokenSkipped,,,,,,H,,,,,,,,,,,,,,
,,1475,TrainRan,,350,,,,H,,,,,,,,,D,G19-G17-E19-F20-G19-G17-H18-I19-I15,,,,
,,1476,DividendPayed,,350,,,,H,,,,,,,,,,,35,,,
SharePriceMove,,1477,,,,,,,H,,,right,42,50,,,,,,,,,
,,1478,Passed,,,,NYNH,,,,,,,,,,,,,,,,
,,1479,PrivateBuySkipped,,,,,,H,,,,,,,,,,,,,,
OperatingRound,,1480,,,,,,,,9.3,,,,,,,,,,,,,
CompanyOperated,,1481,,y,,,,,C&O,,,,,,,,,,,,,,
,,1482,Passed,,,,O,,,,,,,,,,,,,,,,
,,1483,TokenSkipped,,,,,,O,,,,,,,,,,,,,,
,,1484,TrainRan,,250,,,,O,,,,,,,,,6,G19-G17-H18-I19-H16-I15,,,,
,,1485,DividendPayed,,250,,,,O,,,,,,,,,,,25,,,
SharePriceMove,,1486,,,,,,,O,,,right,280,300,,,,,,,,,
,,1487,Passed,,,,O,,,,,,,,,,,,,,,,
,,1488,PrivateBuySkipped,,,,,,O,,,,,,,,,,,,,,
CompanyOperated,,1489,,n,,,,,NYC,,,,,,,,,,,,,,
,,1490,TilePlaced,,,,,,C,,,,,,D8,8,3,,,,,,
,,1491,TokenSkipped,,,,,,C,,,,,,,,,,,,,,
,,1492,TrainRan,,270,,,,C,,,,,,,,,6,G19-E19-D14-E11-D10-B10,,,,
,,1493,DividendPayed,,270,,,,C,,,,,,,,,,,27,,,
SharePriceMove,,1494,,,,,,,C,,,right,260,280,,,,,,,,,
,,1495,Passed,,,,NYC,,,,,,,,,,,,,,,,
,,1496,PrivateBuySkipped,,,,,,C,,,,,,,,,,,,,,
CompanyOperated,,1497,,e,,,,,B&O,,,,,,,,,,,,,,
,,1498,Passed,,,,O,,,,,,,,,,,,,,,,
,,1499,TokenSkipped,,,,,,O,,,,,,,,,,,,,,
,,1500,TrainRan,,370,,,,O,,,,,,,,,D,K13-J14-I15-H16-I19-H18-G17-G19-F20-E19,,,,
,,1501,DividendPayed,,370,,,,O,,,,,,,,,,,37,,,
SharePriceMove,,1502,,,,,,,O,,,right,220,240,,,,,,,,,
,,1503,Passed,,,,O,,,,,,,,,,,,,,,,
,,1504,PrivateBuySkipped,,,,,,O,,,,,,,,,,,,,,
CompanyOperated,,1505,,y,,,,,ERIE,,,,,,,,,,,,,,
,,1506,Passed,,,,ERIE,,,,,,,,,,,,,,,,
,,1507,TokenSkipped,,,,,,E,,,,,,,,,,,,,,
,,1508,TrainRan,,220,,,,E,,,,,,,,,5,F2-H4-F10-E11-E23,,,,
,,1509,DividendPayed,,220,,,,E,,,,,,,,,,,22,,,
SharePriceMove,,1510,,,,,,,E,,,right,155,170,,,,,,,,,
,,1511,Passed,,,,ERIE,,,,,,,,,,,,,,,,
,,1512,PrivateBuySkipped,,,,,,E,,,,,,,,,,,,,,
CompanyOperated,,1513,,y,,,,,PRR,,,,,,,,,,,,,,
,,1514,TilePlaced,,,,,,R,,,,,,I5,8,4,,,,,,
,,1515,TokenSkipped,,,,,,R,,,,,,,,,,,,,,
,,1516,TrainRan,,210,,,,R,,,,,,,,,D,F2-H4-H10-H12-I15,,,,
,,1517,DividendPayed,,210,,,,R,,,,,,,,,,,21,,,
SharePriceMove,,1518,,,,,,,R,,,up,130,155,,,,,,,,,
,,1519,Passed,,,,PRR,,,,,,,,,,,,,,,,
,,1520,PrivateBuySkipped,,,,,,R,,,,,,,,,,,,,,
CompanyOperated,,1521,,y,,,,,B&M,,,,,,,,,,,,,,
,,1522,Passed,,,,M,,,,,,,,,,,,,,,,
,,1523,TokenSkipped,,,,,,M,,,,,,,,,,,,,,
,,1524,TrainRan,,160,,,,M,,,,,,,,,D,G19-G17-E23-F24,,,,
,,1525,DividendPayed,,160,,,,M,,,,,,,,,,,16,,,
SharePriceMove,,1526,,,,,,,M,,,right,90,100,,,,,,,,,
,,1527,TrainBuySkipped,,,,,,M,,,,,,,,,,,,,,
,,1528,PrivateBuySkipped,,,,,,M,,,,,,,,,,,,,,
CompanyOperated,,1529,,e,,,,,CPR,,,,,,,,,,,,,,
,,1530,TilePlaced,,,,,,R,,,,,,B16 (Ottawa),14,0,,,,,,
,,1531,Passed,,,,CPR,,,,,,,,,,,,,,,,
,,1532,TrainRan,,200,,,,R,,,,,,,,,5,A11-B10-D10-E11-D14,,,,
,,1533,DividendWithheld,,200,,,,R,,,,,,,,,,,,,,
SharePriceMove,,1534,,,,,,,R,,,left,58,50,,,,,,,,,
,,1535,Passed,,,,CPR,,,,,,,,,,,,,,,,
,,1536,PrivateBuySkipped,,,,,,R,,,,,,,,,,,,,,
CompanyOperated,,1537,,n,,,,,NYNH,,,,,,,,,,,,,,
,,1538,Passed,,,,NYNH,,,,,,,,,,,,,,,,
,,1539,TokenSkipped,,,,,,H,,,,,,,,,,,,,,
,,1540,TrainRan,,350,,,,H,,,,,,,,,D,G19-G17-E19-F20-G19-G17-H18-I19-I15,,,,
,,1541,DividendPayed,,350,,,,H,,,,,,,,,,,35,,,
SharePriceMove,,1542,,,,,,,H,,,right,50,58,,,,,,,,,
,,1543,Passed,,,,NYNH,,,,,,,,,,,,,,,,
,,1544,PrivateBuySkipped,,,,,,H,,,,,,,,,,,,,,
StockRound,,1545,,,,,,,,10,,,,,,,,,,,,,
,,1546,Passed,,,,leesin,,,,,,,,,,,,,,,,
,,1547,Passed,,,,JuicyBerry,,,,,,,,,,,,,,,,
,,1548,Passed,,,,KingZombie,,,,,,,,,,,,,,,,
,,1549,Passed,,,,JibJibMonkey,,,,,,,,,,,,,,,,
SharePriceMove,,1550,,,,,,,O,,,up,300,350,,,,,,,,,
SharePriceMove,,1551,,,,,,,C,,,up,280,325,,,,,,,,,
SharePriceMove,,1552,,,,,,,O,,,up,240,275,,,,,,,,,
SharePriceMove,,1553,,,,,,,E,,,up,170,200,,,,,,,,,
SharePriceMove,,1554,,,,,,,R,,,up,155,180,,,,,,,,,
SharePriceMove,,1555,,,,,,,M,,,up,100,110,,,,,,,,,
SharePriceMove,,1556,,,,,,,H,,,up,58,62,,,,,,,,,
SharePriceMove,,1557,,,,,,,R,,,up,50,55,,,,,,,,,
PriorityDeal,,1558,,leesin,,,,,,,,,,,,,,,,,,,
OperatingRound,,1559,,,,,,,,10.1,,,,,,,,,,,,,
CompanyOperated,,1560,,y,,,,,C&O,,,,,,,,,,,,,,
,,1561,Passed,,,,O,,,,,,,,,,,,,,,,
,,1562,TokenSkipped,,,,,,O,,,,,,,,,,,,,,
,,1563,TrainRan,,250,,,,O,,,,,,,,,6,G19-G17-H18-I19-H16-I15,,,,
,,1564,DividendPayed,,250,,,,O,,,,,,,,,,,25,,,
,,1565,Passed,,,,O,,,,,,,,,,,,,,,,
,,1566,PrivateBuySkipped,,,,,,O,,,,,,,,,,,,,,
CompanyOperated,,1567,,n,,,,,NYC,,,,,,,,,,,,,,
,,1568,TilePlaced,,,,,,C,,,,,,C9,24,3,,,,,,
,,1569,TokenSkipped,,,,,,C,,,,,,,,,,,,,,
,,1570,TrainRan,,270,,,,C,,,,,,,,,6,G19-E19-D14-E11-D10-B10,,,,
,,1571,DividendPayed,,270,,,,C,,,,,,,,,,,27,,,
SharePriceMove,,1572,,,,,,,C,,,right,325,350,,,,,,,,,
,,1573,Passed,,,,NYC,,,,,,,,,,,,,,,,
,,1574,PrivateBuySkipped,,,,,,C,,,,,,,,,,,,,,
CompanyOperated,,1575,,e,,,,,B&O,,,,,,,,,,,,,,
,,1576,Passed,,,,O,,,,,,,,,,,,,,,,
,,1577,TokenSkipped,,,,,,O,,,,,,,,,,,,,,
,,1578,TrainRan,,370,,,,O,,,,,,,,,D,K13-J14-I15-H16-I19-H18-G17-G19-F20-E19,,,,
,,1579,DividendPayed,,370,,,,O,,,,,,,,,,,37,,,
SharePriceMove,,1580,,,,,,,O,,,right,275,300,,,,,,,,,
,,1581,TrainBought,,50,,,,O,,CPR,,,,,,,5,,,,,
,,1582,PrivateBuySkipped,,,,,,O,,,,,,,,,,,,,,
CompanyOperated,,1583,,y,,,,,ERIE,,,,,,,,,,,,,,
,,1584,Passed,,,,ERIE,,,,,,,,,,,,,,,,
,,1585,TokenSkipped,,,,,,E,,,,,,,,,,,,,,
,,1586,TrainRan,,220,,,,E,,,,,,,,,5,F2-H4-F10-E11-E23,,,,
BankBroken,,1587,,,,,,,,,,,,,,,,,,,,,
,,1588,DividendPayed,,220,,,,E,,,,,,,,,,,22,,,
SharePriceMove,,1589,,,,,,,E,,,right,200,220,,,,,,,,,
,,1590,Passed,,,,ERIE,,,,,,,,,,,,,,,,
,,1591,PrivateBuySkipped,,,,,,E,,,,,,,,,,,,,,
CompanyOperated,,1592,,y,,,,,PRR,,,,,,,,,,,,,,
,,1593,TilePlaced,,,,,,R,,,,,,J4,8,1,,,,,,
,,1594,TokenSkipped,,,,,,R,,,,,,,,,,,,,,
,,1595,TrainRan,,210,,,,R,,,,,,,,,D,F2-H4-H10-H12-I15,,,,
,,1596,DividendPayed,,210,,,,R,,,,,,,,,,,21,,,
SharePriceMove,,1597,,,,,,,R,,,right,180,200,,,,,,,,,
,,1598,Passed,,,,PRR,,,,,,,,,,,,,,,,
,,1599,PrivateBuySkipped,,,,,,R,,,,,,,,,,,,,,
CompanyOperated,,1600,,y,,,,,B&M,,,,,,,,,,,,,,
,,1601,Passed,,,,M,,,,,,,,,,,,,,,,
,,1602,TokenSkipped,,,,,,M,,,,,,,,,,,,,,
,,1603,TrainRan,,160,,,,M,,,,,,,,,D,G19-G17-E23-F24,,,,
,,1604,DividendPayed,,160,,,,M,,,,,,,,,,,16,,,
SharePriceMove,,1605,,,,,,,M,,,right,110,120,,,,,,,,,
,,1606,TrainBuySkipped,,,,,,M,,,,,,,,,,,,,,
,,1607,PrivateBuySkipped,,,,,,M,,,,,,,,,,,,,,
CompanyOperated,,1608,,n,,,,,NYNH,,,,,,,,,,,,,,
,,1609,Passed,,,,NYNH,,,,,,,,,,,,,,,,
,,1610,TokenSkipped,,,,,,H,,,,,,,,,,,,,,
,,1611,TrainRan,,350,,,,H,,,,,,,,,D,G19-G17-E19-F20-G19-G17-H18-I19-I15,,,,
,,1612,DividendPayed,,350,,,,H,,,,,,,,,,,35,,,
SharePriceMove,,1613,,,,,,,H,,,right,62,67,,,,,,,,,
,,1614,Passed,,,,NYNH,,,,,,,,,,,,,,,,
,,1615,PrivateBuySkipped,,,,,,H,,,,,,,,,,,,,,
CompanyOperated,,1616,,e,,,,,CPR,,,,,,,,,,,,,,
,,1617,TilePlaced,,,,,,R,,,,,,B14,9,1,,,,,,
,,1618,Passed,,,,CPR,,,,,,,,,,,,,,,,
,,1619,TrainSkipped,,,,,,R,,,,,,,,,,,,,,
,,1620,RunTrainSkipped,,,,,,R,,,,,,,,,,,,,,
SharePriceMove,,1621,,,,,,,R,,,left,55,48,,,,,,,,,
,,1622,TrainBought,,450,,,,R,,The Discard,,,,,,,5,,,,,
,,1623,TrainBought,,1,,,,R,,B&O,,,,,,,5,,,,,
,,1624,PrivateBuySkipped,,,,,,R,,,,,,,,,,,,,,
OperatingRound,,1625,,,,,,,,10.2,,,,,,,,,,,,,
CompanyOperated,,1626,,y,,,,,C&O,,,,,,,,,,,,,,
,,1627,Passed,,,,O,,,,,,,,,,,,,,,,
,,1628,TokenSkipped,,,,,,O,,,,,,,,,,,,,,
,,1629,TrainRan,,250,,,,O,,,,,,,,,6,G19-G17-H18-I19-H16-I15,,,,
,,1630,DividendPayed,,250,,,,O,,,,,,,,,,,25,,,
,,1631,Passed,,,,O,,,,,,,,,,,,,,,,
,,1632,PrivateBuySkipped,,,,,,O,,,,,,,,,,,,,,
CompanyOperated,,1633,,n,,,,,NYC,,,,,,,,,,,,,,
,,1634,TilePlaced,,,,,,C,,,,,,C11,23,4,,,,,,
,,1635,TokenSkipped,,,,,,C,,,,,,,,,,,,,,
,,1636,TrainRan,,270,,,,C,,,,,,,,,6,G19-E19-D14-E11-D10-B10,,,,
,,1637,DividendPayed,,270,,,,C,,,,,,,,,,,27,,,
,,1638,Passed,,,,NYC,,,,,,,,,,,,,,,,
,,1639,PrivateBuySkipped,,,,,,C,,,,,,,,,,,,,,
CompanyOperated,,1640,,e,,,,,B&O,,,,,,,,,,,,,,
,,1641,Passed,,,,O,,,,,,,,,,,,,,,,
,,1642,TokenSkipped,,,,,,O,,,,,,,,,,,,,,
,,1643,TrainRan,,370,,,,O,,,,,,,,,D,K13-J14-I15-H16-I19-H18-G17-G19-F20-E19,,,,
,,1644,DividendPayed,,370,,,,O,,,,,,,,,,,37,,,
SharePriceMove,,1645,,,,,,,O,,,right,300,325,,,,,,,,,
,,1646,Passed,,,,O,,,,,,,,,,,,,,,,
,,1647,PrivateBuySkipped,,,,,,O,,,,,,,,,,,,,,
CompanyOperated,,1648,,y,,,,,ERIE,,,,,,,,,,,,,,
,,1649,Passed,,,,ERIE,,,,,,,,,,,,,,,,
,,1650,TokenSkipped,,,,,,E,,,,,,,,,,,,,,
,,1651,TrainRan,,220,,,,E,,,,,,,,,5,F2-H4-F10-E11-E23,,,,
,,1652,DividendPayed,,220,,,,E,,,,,,,,,,,22,,,
SharePriceMove,,1653,,,,,,,E,,,right,220,240,,,,,,,,,
,,1654,Passed,,,,ERIE,,,,,,,,,,,,,,,,
,,1655,PrivateBuySkipped,,,,,,E,,,,,,,,,,,,,,
CompanyOperated,,1656,,y,,,,,PRR,,,,,,,,,,,,,,
,,1657,Passed,,,,PRR,,,,,,,,,,,,,,,,
,,1658,TokenSkipped,,,,,,R,,,,,,,,,,,,,,
,,1659,TrainRan,,210,,,,R,,,,,,,,,D,F2-H4-H10-H12-I15,,,,
,,1660,DividendPayed,,210,,,,R,,,,,,,,,,,21,,,
SharePriceMove,,1661,,,,,,,R,,,right,200,220,,,,,,,,,
,,1662,Passed,,,,PRR,,,,,,,,,,,,,,,,
,,1663,PrivateBuySkipped,,,,,,R,,,,,,,,,,,,,,
CompanyOperated,,1664,,y,,,,,B&M,,,,,,,,,,,,,,
,,1665,Passed,,,,M,,,,,,,,,,,,,,,,
,,1666,TokenSkipped,,,,,,M,,,,,,,,,,,,,,
,,1667,TrainRan,,160,,,,M,,,,,,,,,D,G19-G17-E23-F24,,,,
,,1668,DividendPayed,,160,,,,M,,,,,,,,,,,16,,,
SharePriceMove,,1669,,,,,,,M,,,right,120,130,,,,,,,,,
,,1670,TrainBuySkipped,,,,,,M,,,,,,,,,,,,,,
,,1671,PrivateBuySkipped,,,,,,M,,,,,,,,,,,,,,
CompanyOperated,,1672,,n,,,,,NYNH,,,,,,,,,,,,,,
,,1673,Passed,,,,NYNH,,,,,,,,,,,,,,,,
,,1674,TokenSkipped,,,,,,H,,,,,,,,,,,,,,
,,1675,TrainRan,,350,,,,H,,,,,,,,,D,G19-G17-E19-F20-G19-G17-H18-I19-I15,,,,
,,1676,DividendPayed,,350,,,,H,,,,,,,,,,,35,,,
SharePriceMove,,1677,,,,,,,H,,,right,67,71,,,,,,,,,
,,1678,Passed,,,,NYNH,,,,,,,,,,,,,,,,
,,1679,PrivateBuySkipped,,,,,,H,,,,,,,,,,,,,,
CompanyOperated,,1680,,e,,,,,CPR,,,,,,,,,,,,,,
,,1681,TilePlaced,,,,,,R,,,,,,B12,8,2,,,,,,
,,1682,TokenSkipped,,,,,,R,,,,,,,,,,,,,,
,,1683,TrainRan,,160,,,,R,,,,,,,,,5,A19-B16-C15-B10-A11,,,,
,,1684,TrainRan,,200,,,,R,,,,,,,,,5,A9-B10-D10-E11-D14,,,,
,,1685,DividendPayed,,360,,,,R,,,,,,,,,,,36,,,
SharePriceMove,,1686,,,,,,,R,,,right,48,55,,,,,,,,,
,,1687,TrainBuySkipped,,,,,,R,,,,,,,,,,,,,,
,,1688,PrivateBuySkipped,,,,,,R,,,,,,,,,,,,,,
OperatingRound,,1689,,,,,,,,10.3,,,,,,,,,,,,,
CompanyOperated,,1690,,y,,,,,C&O,,,,,,,,,,,,,,
,,1691,Passed,,,,O,,,,,,,,,,,,,,,,
,,1692,TokenSkipped,,,,,,O,,,,,,,,,,,,,,
,,1693,TrainRan,,250,,,,O,,,,,,,,,6,G19-G17-H18-I19-H16-I15,,,,
,,1694,DividendPayed,,250,,,,O,,,,,,,,,,,25,,,
,,1695,Passed,,,,O,,,,,,,,,,,,,,,,
,,1696,PrivateBuySkipped,,,,,,O,,,,,,,,,,,,,,
CompanyOperated,,1697,,n,,,,,NYC,,,,,,,,,,,,,,
,,1698,Passed,,,,NYC,,,,,,,,,,,,,,,,
,,1699,TokenSkipped,,,,,,C,,,,,,,,,,,,,,
,,1700,TrainRan,,270,,,,C,,,,,,,,,6,G19-E19-D14-E11-D10-B10,,,,
,,1701,DividendPayed,,270,,,,C,,,,,,,,,,,27,,,
,,1702,Passed,,,,NYC,,,,,,,,,,,,,,,,
,,1703,PrivateBuySkipped,,,,,,C,,,,,,,,,,,,,,
CompanyOperated,,1704,,e,,,,,B&O,,,,,,,,,,,,,,
,,1705,Passed,,,,O,,,,,,,,,,,,,,,,
,,1706,TokenSkipped,,,,,,O,,,,,,,,,,,,,,
,,1707,TrainRan,,370,,,,O,,,,,,,,,D,K13-J14-I15-H16-I19-H18-G17-G19-F20-E19,,,,
,,1708,DividendPayed,,370,,,,O,,,,,,,,,,,37,,,
SharePriceMove,,1709,,,,,,,O,,,right,325,350,,,,,,,,,
,,1710,Passed,,,,O,,,,,,,,,,,,,,,,
,,1711,PrivateBuySkipped,,,,,,O,,,,,,,,,,,,,,
CompanyOperated,,1712,,y,,,,,ERIE,,,,,,,,,,,,,,
,,1713,Passed,,,,ERIE,,,,,,,,,,,,,,,,
,,1714,TokenSkipped,,,,,,E,,,,,,,,,,,,,,
,,1715,TrainRan,,220,,,,E,,,,,,,,,5,F2-H4-F10-E11-E23,,,,
,,1716,DividendPayed,,220,,,,E,,,,,,,,,,,22,,,
SharePriceMove,,1717,,,,,,,E,,,right,240,260,,,,,,,,,
,,1718,Passed,,,,ERIE,,,,,,,,,,,,,,,,
,,1719,PrivateBuySkipped,,,,,,E,,,,,,,,,,,,,,
CompanyOperated,,1720,,y,,,,,PRR,,,,,,,,,,,,,,
,,1721,Passed,,,,PRR,,,,,,,,,,,,,,,,
,,1722,TokenSkipped,,,,,,R,,,,,,,,,,,,,,
,,1723,TrainRan,,210,,,,R,,,,,,,,,D,F2-H4-H10-H12-I15,,,,
,,1724,DividendPayed,,210,,,,R,,,,,,,,,,,21,,,
SharePriceMove,,1725,,,,,,,R,,,right,220,240,,,,,,,,,
,,1726,Passed,,,,PRR,,,,,,,,,,,,,,,,
,,1727,PrivateBuySkipped,,,,,,R,,,,,,,,,,,,,,
CompanyOperated,,1728,,y,,,,,B&M,,,,,,,,,,,,,,
,,1729,Passed,,,,M,,,,,,,,,,,,,,,,
,,1730,TokenSkipped,,,,,,M,,,,,,,,,,,,,,
,,1731,TrainRan,,160,,,,M,,,,,,,,,D,G19-G17-E23-F24,,,,
,,1732,DividendPayed,,160,,,,M,,,,,,,,,,,16,,,
SharePriceMove,,1733,,,,,,,M,,,up,130,155,,,,,,,,,
,,1734,TrainBuySkipped,,,,,,M,,,,,,,,,,,,,,
,,1735,PrivateBuySkipped,,,,,,M,,,,,,,,,,,,,,
CompanyOperated,,1736,,n,,,,,NYNH,,,,,,,,,,,,,,
,,1737,Passed,,,,NYNH,,,,,,,,,,,,,,,,
,,1738,TokenSkipped,,,,,,H,,,,,,,,,,,,,,
,,1739,TrainRan,,350,,,,H,,,,,,,,,D,G19-G17-E19-F20-G19-G17-H18-I19-I15,,,,
,,1740,DividendPayed,,350,,,,H,,,,,,,,,,,35,,,
SharePriceMove,,1741,,,,,,,H,,,right,71,76,,,,,,,,,
,,1742,Passed,,,,NYNH,,,,,,,,,,,,,,,,
,,1743,PrivateBuySkipped,,,,,,H,,,,,,,,,,,,,,
CompanyOperated,,1744,,e,,,,,CPR,,,,,,,,,,,,,,
,,1745,Passed,,,,CPR,,,,,,,,,,,,,,,,
,,1746,TokenSkipped,,,,,,R,,,,,,,,,,,,,,
,,1747,TrainRan,,160,,,,R,,,,,,,,,5,A19-B16-C15-B10-A11,,,,
,,1748,TrainRan,,200,,,,R,,,,,,,,,5,A9-B10-D10-E11-D14,,,,
,,1749,DividendPayed,,360,,,,R,,,,,,,,,,,36,,,
SharePriceMove,,1750,,,,,,,R,,,right,55,62,,,,,,,,,
,,1751,TrainBuySkipped,,,,,,R,,,,,,,,,,,,,,
,,1752,PrivateBuySkipped,,,,,,R,,,,,,,,,,,,,,
GameOver,,1753,,,,,,,,,,,,,,,,,,,,,
